complaint_id,complaint_text,domain,category,route,severity,recurrence,innovation_required,innovation_area
SS00001,The administrative service for crop irrigation & farm water is currently non-functional in our block.,Agriculture & Livestock,Crop Irrigation & Farm Water,Government,Medium,Persistent,No,None
SS00002,"Pichle 10 din se crop irrigation & farm water ka problem hai, kripya departmental staff ko inspection ke liye bheje.",Agriculture & Livestock,Crop Irrigation & Farm Water,Government,High,Occasional,No,None
SS00003,हमारे पंचायत में crop irrigation & farm water से संबंधित शिकायत पर कई हफ्तों से कोई कार्रवाई नहीं हुई है।,Agriculture & Livestock,Crop Irrigation & Farm Water,Government,Medium,Persistent,No,None
SS00004,"crop irrigation & farm water issue in ward 5, officer not taking call",Agriculture & Livestock,Crop Irrigation & Farm Water,Government,Low,Occasional,No,None
SS00005,crop irrigation & farm water is broken n not wrking properly plzz resolve,Agriculture & Livestock,Crop Irrigation & Farm Water,Government,Medium,Occasional,No,None
SS00006,Block level grievance filed for crop irrigation & farm water last month but service is still pending.,Agriculture & Livestock,Crop Irrigation & Farm Water,Government,Low,One-time,No,None
SS00007,Urgent maintenance team required for crop irrigation & farm water near community market place.,Agriculture & Livestock,Crop Irrigation & Farm Water,Government,High,One-time,No,None
SS00008,We need an automated digital technology system for smart precision irrigation & soil moisture sensing to monitor this issue continuously.,Agriculture & Livestock,Crop Irrigation & Farm Water,Innovation,Medium,Recurring,Yes,Smart Precision Irrigation & Soil Moisture Sensing
SS00009,Is problem ko permanently solve karne ke liye smart precision irrigation & soil moisture sensing ka low-cost sensor prototype chahiye.,Agriculture & Livestock,Crop Irrigation & Farm Water,Innovation,Medium,Occasional,Yes,Smart Precision Irrigation & Soil Moisture Sensing
SS00010,नवीनतम तकनीक और smart precision irrigation & soil moisture sensing के माध्यम से इस समस्या का स्वचालित समाधान किया जाना चाहिए।,Agriculture & Livestock,Crop Irrigation & Farm Water,Innovation,High,Recurring,Yes,Smart Precision Irrigation & Soil Moisture Sensing
SS00011,need AI and IoT smart solution for smart precision irrigation & soil moisture sensing,Agriculture & Livestock,Crop Irrigation & Farm Water,Innovation,Low,One-time,Yes,Smart Precision Irrigation & Soil Moisture Sensing
SS00012,Developing an offline smart system for smart precision irrigation & soil moisture sensing will eliminate manual delays.,Agriculture & Livestock,Crop Irrigation & Farm Water,Innovation,Medium,Occasional,Yes,Smart Precision Irrigation & Soil Moisture Sensing
SS00013,Abhi तुरंत department emergency team bheje aur future ke liye smart precision irrigation & soil moisture sensing ka early warning technology setup karein.,Agriculture & Livestock,Crop Irrigation & Farm Water,Hybrid,High,Recurring,Yes,Smart Precision Irrigation & Soil Moisture Sensing
SS00014,Har monsoon/season ye issue hota hai. Immediate repair along with long-term implementation of smart precision irrigation & soil moisture sensing.,Agriculture & Livestock,Crop Irrigation & Farm Water,Hybrid,High,Persistent,Yes,Smart Precision Irrigation & Soil Moisture Sensing
SS00015,प्रशासन से तुरंत सहायता भेजी जाए तथा भविष्य के लिए smart precision irrigation & soil moisture sensing का आधुनिक डिजिटल मॉडल भी विकसित किया जाए।,Agriculture & Livestock,Crop Irrigation & Farm Water,Hybrid,High,Recurring,Yes,Smart Precision Irrigation & Soil Moisture Sensing
SS00016,urgent govt inspection today n smart AI tech for smart precision irrigation & soil moisture sensing for future plzz,Agriculture & Livestock,Crop Irrigation & Farm Water,Hybrid,High,Recurring,Yes,Smart Precision Irrigation & Soil Moisture Sensing
SS00017,"Immediate administrative intervention needed now, accompanied by a university research solution for smart precision irrigation & soil moisture sensing.",Agriculture & Livestock,Crop Irrigation & Farm Water,Hybrid,Medium,Occasional,Yes,Smart Precision Irrigation & Soil Moisture Sensing
SS00018,"Fasal me keeda lag gaya hai, agriculture department se inspection aur pesticide spray chahiye.",Agriculture & Livestock,Crop Disease & Pest Management,Government,High,Occasional,No,None
SS00019,"Paddy leaves turning yellow brown, urgent visit by block agriculture officer requested.",Agriculture & Livestock,Crop Disease & Pest Management,Government,Medium,One-time,No,None
SS00020,"Tamatar ki fasal me pest attack ho gaya h, kripya subsidy par insecticide provide kare.",Agriculture & Livestock,Crop Disease & Pest Management,Government,Medium,Occasional,No,None
SS00021,"crop getting damaged by insects, agrculter team not visitng",Agriculture & Livestock,Crop Disease & Pest Management,Government,High,Persistent,No,None
SS00022,"धान की फसल में कीट प्रकोप हो गया है, कृषि अधिकारी तुरंत जांच करें।",Agriculture & Livestock,Crop Disease & Pest Management,Government,High,Occasional,No,None
SS00023,"Locust attack reported in adjacent fields, urgent chemical spraying team required.",Agriculture & Livestock,Crop Disease & Pest Management,Government,Critical,One-time,No,None
SS00024,"Dhan ke patte kharab ho rahe hain, krishi vigyan kendra team ko survey ke liye bheje.",Agriculture & Livestock,Crop Disease & Pest Management,Government,Medium,One-time,No,None
SS00025,"Har season crop disease ka late pata chalta hai, AI photo scanning app se disease detect karne ka system hona chahiye.",Agriculture & Livestock,Crop Disease & Pest Management,Innovation,Medium,Recurring,Yes,AI Crop Disease Detection & Early Pest Warning
SS00026,Need mobile computer vision model to identify leaf fungal infections automatically.,Agriculture & Livestock,Crop Disease & Pest Management,Innovation,Medium,Occasional,Yes,AI Crop Disease Detection & Early Pest Warning
SS00027,Pest early warning alert system through camera traps and acoustic sensing required.,Agriculture & Livestock,Crop Disease & Pest Management,Innovation,High,Recurring,Yes,AI Crop Disease Detection & Early Pest Warning
SS00028,aisa mobile app banaye jo photo dekh ke fasal ki bimari bata sake,Agriculture & Livestock,Crop Disease & Pest Management,Innovation,Low,Occasional,Yes,AI Crop Disease Detection & Early Pest Warning
SS00029,फसल बीमारी की प्रारंभिक पहचान हेतु एआई इमेज प्रोसेसिंग मॉडल तैयार करें।,Agriculture & Livestock,Crop Disease & Pest Management,Innovation,Medium,Recurring,Yes,AI Crop Disease Detection & Early Pest Warning
SS00030,Fasal me har baar keeda fail raha hai. Agriculture team abhi inspection kare aur future me pest alert system bhi lagna chahiye.,Agriculture & Livestock,Crop Disease & Pest Management,Hybrid,High,Recurring,Yes,AI Crop Disease Detection & Early Pest Warning
SS00031,Pest attack damaged 5 acres. Provide immediate pesticide relief and deploy AI disease detection app for farmers.,Agriculture & Livestock,Crop Disease & Pest Management,Hybrid,High,Recurring,Yes,AI Crop Disease Detection & Early Pest Warning
SS00032,Har saal fasal me bimari aati h. Abhi medicine spray karaye n future me early warning camera system lagaye.,Agriculture & Livestock,Crop Disease & Pest Management,Hybrid,High,Persistent,Yes,AI Crop Disease Detection & Early Pest Warning
SS00033,urgent pest inspection needed today and AI early warning system for next season plzz,Agriculture & Livestock,Crop Disease & Pest Management,Hybrid,High,Recurring,Yes,AI Crop Disease Detection & Early Pest Warning
SS00034,कीट नियंत्रण के लिए तत्काल दवा छिड़काव हो और भविष्य हेतु एआई चेतावनी प्रणाली विकसित की जाए।,Agriculture & Livestock,Crop Disease & Pest Management,Hybrid,High,Recurring,Yes,AI Crop Disease Detection & Early Pest Warning
SS00035,"The administrative service for seeds, fertilizers & farm inputs is currently non-functional in our block.",Agriculture & Livestock,"Seeds, Fertilizers & Farm Inputs",Government,Medium,Persistent,No,None
SS00036,"Pichle 10 din se seeds, fertilizers & farm inputs ka problem hai, kripya departmental staff ko inspection ke liye bheje.",Agriculture & Livestock,"Seeds, Fertilizers & Farm Inputs",Government,High,Occasional,No,None
SS00037,"हमारे पंचायत में seeds, fertilizers & farm inputs से संबंधित शिकायत पर कई हफ्तों से कोई कार्रवाई नहीं हुई है।",Agriculture & Livestock,"Seeds, Fertilizers & Farm Inputs",Government,Medium,Persistent,No,None
SS00038,"seeds, fertilizers & farm inputs issue in ward 5, officer not taking call",Agriculture & Livestock,"Seeds, Fertilizers & Farm Inputs",Government,Low,Occasional,No,None
SS00039,"seeds, fertilizers & farm inputs is broken n not wrking properly plzz resolve",Agriculture & Livestock,"Seeds, Fertilizers & Farm Inputs",Government,Medium,Occasional,No,None
SS00040,"Block level grievance filed for seeds, fertilizers & farm inputs last month but service is still pending.",Agriculture & Livestock,"Seeds, Fertilizers & Farm Inputs",Government,Low,One-time,No,None
SS00041,"Urgent maintenance team required for seeds, fertilizers & farm inputs near community market place.",Agriculture & Livestock,"Seeds, Fertilizers & Farm Inputs",Government,High,One-time,No,None
SS00042,We need an automated digital technology system for digital input verification & supply chain tracking to monitor this issue continuously.,Agriculture & Livestock,"Seeds, Fertilizers & Farm Inputs",Innovation,Medium,Recurring,Yes,Digital Input Verification & Supply Chain Tracking
SS00043,Is problem ko permanently solve karne ke liye digital input verification & supply chain tracking ka low-cost sensor prototype chahiye.,Agriculture & Livestock,"Seeds, Fertilizers & Farm Inputs",Innovation,Medium,Occasional,Yes,Digital Input Verification & Supply Chain Tracking
SS00044,नवीनतम तकनीक और digital input verification & supply chain tracking के माध्यम से इस समस्या का स्वचालित समाधान किया जाना चाहिए।,Agriculture & Livestock,"Seeds, Fertilizers & Farm Inputs",Innovation,High,Recurring,Yes,Digital Input Verification & Supply Chain Tracking
SS00045,need AI and IoT smart solution for digital input verification & supply chain tracking,Agriculture & Livestock,"Seeds, Fertilizers & Farm Inputs",Innovation,Low,One-time,Yes,Digital Input Verification & Supply Chain Tracking
SS00046,Developing an offline smart system for digital input verification & supply chain tracking will eliminate manual delays.,Agriculture & Livestock,"Seeds, Fertilizers & Farm Inputs",Innovation,Medium,Occasional,Yes,Digital Input Verification & Supply Chain Tracking
SS00047,Abhi तुरंत department emergency team bheje aur future ke liye digital input verification & supply chain tracking ka early warning technology setup karein.,Agriculture & Livestock,"Seeds, Fertilizers & Farm Inputs",Hybrid,High,Recurring,Yes,Digital Input Verification & Supply Chain Tracking
SS00048,Har monsoon/season ye issue hota hai. Immediate repair along with long-term implementation of digital input verification & supply chain tracking.,Agriculture & Livestock,"Seeds, Fertilizers & Farm Inputs",Hybrid,High,Persistent,Yes,Digital Input Verification & Supply Chain Tracking
SS00049,प्रशासन से तुरंत सहायता भेजी जाए तथा भविष्य के लिए digital input verification & supply chain tracking का आधुनिक डिजिटल मॉडल भी विकसित किया जाए।,Agriculture & Livestock,"Seeds, Fertilizers & Farm Inputs",Hybrid,High,Recurring,Yes,Digital Input Verification & Supply Chain Tracking
SS00050,urgent govt inspection today n smart AI tech for digital input verification & supply chain tracking for future plzz,Agriculture & Livestock,"Seeds, Fertilizers & Farm Inputs",Hybrid,High,Recurring,Yes,Digital Input Verification & Supply Chain Tracking
SS00051,"Immediate administrative intervention needed now, accompanied by a university research solution for digital input verification & supply chain tracking.",Agriculture & Livestock,"Seeds, Fertilizers & Farm Inputs",Hybrid,Medium,Occasional,Yes,Digital Input Verification & Supply Chain Tracking
SS00052,The administrative service for soil health & farm productivity is currently non-functional in our block.,Agriculture & Livestock,Soil Health & Farm Productivity,Government,Medium,Persistent,No,None
SS00053,"Pichle 10 din se soil health & farm productivity ka problem hai, kripya departmental staff ko inspection ke liye bheje.",Agriculture & Livestock,Soil Health & Farm Productivity,Government,High,Occasional,No,None
SS00054,हमारे पंचायत में soil health & farm productivity से संबंधित शिकायत पर कई हफ्तों से कोई कार्रवाई नहीं हुई है।,Agriculture & Livestock,Soil Health & Farm Productivity,Government,Medium,Persistent,No,None
SS00055,"soil health & farm productivity issue in ward 5, officer not taking call",Agriculture & Livestock,Soil Health & Farm Productivity,Government,Low,Occasional,No,None
SS00056,soil health & farm productivity is broken n not wrking properly plzz resolve,Agriculture & Livestock,Soil Health & Farm Productivity,Government,Medium,Occasional,No,None
SS00057,Block level grievance filed for soil health & farm productivity last month but service is still pending.,Agriculture & Livestock,Soil Health & Farm Productivity,Government,Low,One-time,No,None
SS00058,Urgent maintenance team required for soil health & farm productivity near community market place.,Agriculture & Livestock,Soil Health & Farm Productivity,Government,High,One-time,No,None
SS00059,We need an automated digital technology system for spectral soil quality analysis & npk sensing to monitor this issue continuously.,Agriculture & Livestock,Soil Health & Farm Productivity,Innovation,Medium,Recurring,Yes,Spectral Soil Quality Analysis & NPK Sensing
SS00060,Is problem ko permanently solve karne ke liye spectral soil quality analysis & npk sensing ka low-cost sensor prototype chahiye.,Agriculture & Livestock,Soil Health & Farm Productivity,Innovation,Medium,Occasional,Yes,Spectral Soil Quality Analysis & NPK Sensing
SS00061,नवीनतम तकनीक और spectral soil quality analysis & npk sensing के माध्यम से इस समस्या का स्वचालित समाधान किया जाना चाहिए।,Agriculture & Livestock,Soil Health & Farm Productivity,Innovation,High,Recurring,Yes,Spectral Soil Quality Analysis & NPK Sensing
SS00062,need AI and IoT smart solution for spectral soil quality analysis & npk sensing,Agriculture & Livestock,Soil Health & Farm Productivity,Innovation,Low,One-time,Yes,Spectral Soil Quality Analysis & NPK Sensing
SS00063,Developing an offline smart system for spectral soil quality analysis & npk sensing will eliminate manual delays.,Agriculture & Livestock,Soil Health & Farm Productivity,Innovation,Medium,Occasional,Yes,Spectral Soil Quality Analysis & NPK Sensing
SS00064,Abhi तुरंत department emergency team bheje aur future ke liye spectral soil quality analysis & npk sensing ka early warning technology setup karein.,Agriculture & Livestock,Soil Health & Farm Productivity,Hybrid,High,Recurring,Yes,Spectral Soil Quality Analysis & NPK Sensing
SS00065,Har monsoon/season ye issue hota hai. Immediate repair along with long-term implementation of spectral soil quality analysis & npk sensing.,Agriculture & Livestock,Soil Health & Farm Productivity,Hybrid,High,Persistent,Yes,Spectral Soil Quality Analysis & NPK Sensing
SS00066,प्रशासन से तुरंत सहायता भेजी जाए तथा भविष्य के लिए spectral soil quality analysis & npk sensing का आधुनिक डिजिटल मॉडल भी विकसित किया जाए।,Agriculture & Livestock,Soil Health & Farm Productivity,Hybrid,High,Recurring,Yes,Spectral Soil Quality Analysis & NPK Sensing
SS00067,urgent govt inspection today n smart AI tech for spectral soil quality analysis & npk sensing for future plzz,Agriculture & Livestock,Soil Health & Farm Productivity,Hybrid,High,Recurring,Yes,Spectral Soil Quality Analysis & NPK Sensing
SS00068,"Immediate administrative intervention needed now, accompanied by a university research solution for spectral soil quality analysis & npk sensing.",Agriculture & Livestock,Soil Health & Farm Productivity,Hybrid,Medium,Occasional,Yes,Spectral Soil Quality Analysis & NPK Sensing
SS00069,The administrative service for livestock & veterinary services is currently non-functional in our block.,Agriculture & Livestock,Livestock & Veterinary Services,Government,Medium,Persistent,No,None
SS00070,"Pichle 10 din se livestock & veterinary services ka problem hai, kripya departmental staff ko inspection ke liye bheje.",Agriculture & Livestock,Livestock & Veterinary Services,Government,High,Occasional,No,None
SS00071,हमारे पंचायत में livestock & veterinary services से संबंधित शिकायत पर कई हफ्तों से कोई कार्रवाई नहीं हुई है।,Agriculture & Livestock,Livestock & Veterinary Services,Government,Medium,Persistent,No,None
SS00072,"livestock & veterinary services issue in ward 5, officer not taking call",Agriculture & Livestock,Livestock & Veterinary Services,Government,Low,Occasional,No,None
SS00073,livestock & veterinary services is broken n not wrking properly plzz resolve,Agriculture & Livestock,Livestock & Veterinary Services,Government,Medium,Occasional,No,None
SS00074,Block level grievance filed for livestock & veterinary services last month but service is still pending.,Agriculture & Livestock,Livestock & Veterinary Services,Government,Low,One-time,No,None
SS00075,Urgent maintenance team required for livestock & veterinary services near community market place.,Agriculture & Livestock,Livestock & Veterinary Services,Government,High,One-time,No,None
SS00076,We need an automated digital technology system for iot cattle health & disease surveillance to monitor this issue continuously.,Agriculture & Livestock,Livestock & Veterinary Services,Innovation,Medium,Recurring,Yes,IoT Cattle Health & Disease Surveillance
SS00077,Is problem ko permanently solve karne ke liye iot cattle health & disease surveillance ka low-cost sensor prototype chahiye.,Agriculture & Livestock,Livestock & Veterinary Services,Innovation,Medium,Occasional,Yes,IoT Cattle Health & Disease Surveillance
SS00078,नवीनतम तकनीक और iot cattle health & disease surveillance के माध्यम से इस समस्या का स्वचालित समाधान किया जाना चाहिए।,Agriculture & Livestock,Livestock & Veterinary Services,Innovation,High,Recurring,Yes,IoT Cattle Health & Disease Surveillance
SS00079,need AI and IoT smart solution for iot cattle health & disease surveillance,Agriculture & Livestock,Livestock & Veterinary Services,Innovation,Low,One-time,Yes,IoT Cattle Health & Disease Surveillance
SS00080,Developing an offline smart system for iot cattle health & disease surveillance will eliminate manual delays.,Agriculture & Livestock,Livestock & Veterinary Services,Innovation,Medium,Occasional,Yes,IoT Cattle Health & Disease Surveillance
SS00081,Abhi तुरंत department emergency team bheje aur future ke liye iot cattle health & disease surveillance ka early warning technology setup karein.,Agriculture & Livestock,Livestock & Veterinary Services,Hybrid,High,Recurring,Yes,IoT Cattle Health & Disease Surveillance
SS00082,Har monsoon/season ye issue hota hai. Immediate repair along with long-term implementation of iot cattle health & disease surveillance.,Agriculture & Livestock,Livestock & Veterinary Services,Hybrid,High,Persistent,Yes,IoT Cattle Health & Disease Surveillance
SS00083,प्रशासन से तुरंत सहायता भेजी जाए तथा भविष्य के लिए iot cattle health & disease surveillance का आधुनिक डिजिटल मॉडल भी विकसित किया जाए।,Agriculture & Livestock,Livestock & Veterinary Services,Hybrid,High,Recurring,Yes,IoT Cattle Health & Disease Surveillance
SS00084,urgent govt inspection today n smart AI tech for iot cattle health & disease surveillance for future plzz,Agriculture & Livestock,Livestock & Veterinary Services,Hybrid,High,Recurring,Yes,IoT Cattle Health & Disease Surveillance
SS00085,"Immediate administrative intervention needed now, accompanied by a university research solution for iot cattle health & disease surveillance.",Agriculture & Livestock,Livestock & Veterinary Services,Hybrid,Medium,Occasional,Yes,IoT Cattle Health & Disease Surveillance
SS00086,The administrative service for agricultural market & procurement is currently non-functional in our block.,Agriculture & Livestock,Agricultural Market & Procurement,Government,Medium,Persistent,No,None
SS00087,"Pichle 10 din se agricultural market & procurement ka problem hai, kripya departmental staff ko inspection ke liye bheje.",Agriculture & Livestock,Agricultural Market & Procurement,Government,High,Occasional,No,None
SS00088,हमारे पंचायत में agricultural market & procurement से संबंधित शिकायत पर कई हफ्तों से कोई कार्रवाई नहीं हुई है।,Agriculture & Livestock,Agricultural Market & Procurement,Government,Medium,Persistent,No,None
SS00089,"agricultural market & procurement issue in ward 5, officer not taking call",Agriculture & Livestock,Agricultural Market & Procurement,Government,Low,Occasional,No,None
SS00090,agricultural market & procurement is broken n not wrking properly plzz resolve,Agriculture & Livestock,Agricultural Market & Procurement,Government,Medium,Occasional,No,None
SS00091,Block level grievance filed for agricultural market & procurement last month but service is still pending.,Agriculture & Livestock,Agricultural Market & Procurement,Government,Low,One-time,No,None
SS00092,Urgent maintenance team required for agricultural market & procurement near community market place.,Agriculture & Livestock,Agricultural Market & Procurement,Government,High,One-time,No,None
SS00093,We need an automated digital technology system for ai agricultural market price forecasting to monitor this issue continuously.,Agriculture & Livestock,Agricultural Market & Procurement,Innovation,Medium,Recurring,Yes,AI Agricultural Market Price Forecasting
SS00094,Is problem ko permanently solve karne ke liye ai agricultural market price forecasting ka low-cost sensor prototype chahiye.,Agriculture & Livestock,Agricultural Market & Procurement,Innovation,Medium,Occasional,Yes,AI Agricultural Market Price Forecasting
SS00095,नवीनतम तकनीक और ai agricultural market price forecasting के माध्यम से इस समस्या का स्वचालित समाधान किया जाना चाहिए।,Agriculture & Livestock,Agricultural Market & Procurement,Innovation,High,Recurring,Yes,AI Agricultural Market Price Forecasting
SS00096,need AI and IoT smart solution for ai agricultural market price forecasting,Agriculture & Livestock,Agricultural Market & Procurement,Innovation,Low,One-time,Yes,AI Agricultural Market Price Forecasting
SS00097,Developing an offline smart system for ai agricultural market price forecasting will eliminate manual delays.,Agriculture & Livestock,Agricultural Market & Procurement,Innovation,Medium,Occasional,Yes,AI Agricultural Market Price Forecasting
SS00098,Abhi तुरंत department emergency team bheje aur future ke liye ai agricultural market price forecasting ka early warning technology setup karein.,Agriculture & Livestock,Agricultural Market & Procurement,Hybrid,High,Recurring,Yes,AI Agricultural Market Price Forecasting
SS00099,Har monsoon/season ye issue hota hai. Immediate repair along with long-term implementation of ai agricultural market price forecasting.,Agriculture & Livestock,Agricultural Market & Procurement,Hybrid,High,Persistent,Yes,AI Agricultural Market Price Forecasting
SS00100,प्रशासन से तुरंत सहायता भेजी जाए तथा भविष्य के लिए ai agricultural market price forecasting का आधुनिक डिजिटल मॉडल भी विकसित किया जाए।,Agriculture & Livestock,Agricultural Market & Procurement,Hybrid,High,Recurring,Yes,AI Agricultural Market Price Forecasting
SS00101,urgent govt inspection today n smart AI tech for ai agricultural market price forecasting for future plzz,Agriculture & Livestock,Agricultural Market & Procurement,Hybrid,High,Recurring,Yes,AI Agricultural Market Price Forecasting
SS00102,"Immediate administrative intervention needed now, accompanied by a university research solution for ai agricultural market price forecasting.",Agriculture & Livestock,Agricultural Market & Procurement,Hybrid,Medium,Occasional,Yes,AI Agricultural Market Price Forecasting
SS00103,The administrative service for farm technology & mechanization is currently non-functional in our block.,Agriculture & Livestock,Farm Technology & Mechanization,Government,Medium,Persistent,No,None
SS00104,"Pichle 10 din se farm technology & mechanization ka problem hai, kripya departmental staff ko inspection ke liye bheje.",Agriculture & Livestock,Farm Technology & Mechanization,Government,High,Occasional,No,None
SS00105,हमारे पंचायत में farm technology & mechanization से संबंधित शिकायत पर कई हफ्तों से कोई कार्रवाई नहीं हुई है।,Agriculture & Livestock,Farm Technology & Mechanization,Government,Medium,Persistent,No,None
SS00106,"farm technology & mechanization issue in ward 5, officer not taking call",Agriculture & Livestock,Farm Technology & Mechanization,Government,Low,Occasional,No,None
SS00107,farm technology & mechanization is broken n not wrking properly plzz resolve,Agriculture & Livestock,Farm Technology & Mechanization,Government,Medium,Occasional,No,None
SS00108,Block level grievance filed for farm technology & mechanization last month but service is still pending.,Agriculture & Livestock,Farm Technology & Mechanization,Government,Low,One-time,No,None
SS00109,Urgent maintenance team required for farm technology & mechanization near community market place.,Agriculture & Livestock,Farm Technology & Mechanization,Government,High,One-time,No,None
SS00110,We need an automated digital technology system for low-cost solar farm mechanization to monitor this issue continuously.,Agriculture & Livestock,Farm Technology & Mechanization,Innovation,Medium,Recurring,Yes,Low-Cost Solar Farm Mechanization
SS00111,Is problem ko permanently solve karne ke liye low-cost solar farm mechanization ka low-cost sensor prototype chahiye.,Agriculture & Livestock,Farm Technology & Mechanization,Innovation,Medium,Occasional,Yes,Low-Cost Solar Farm Mechanization
SS00112,नवीनतम तकनीक और low-cost solar farm mechanization के माध्यम से इस समस्या का स्वचालित समाधान किया जाना चाहिए।,Agriculture & Livestock,Farm Technology & Mechanization,Innovation,High,Recurring,Yes,Low-Cost Solar Farm Mechanization
SS00113,need AI and IoT smart solution for low-cost solar farm mechanization,Agriculture & Livestock,Farm Technology & Mechanization,Innovation,Low,One-time,Yes,Low-Cost Solar Farm Mechanization
SS00114,Developing an offline smart system for low-cost solar farm mechanization will eliminate manual delays.,Agriculture & Livestock,Farm Technology & Mechanization,Innovation,Medium,Occasional,Yes,Low-Cost Solar Farm Mechanization
SS00115,Abhi तुरंत department emergency team bheje aur future ke liye low-cost solar farm mechanization ka early warning technology setup karein.,Agriculture & Livestock,Farm Technology & Mechanization,Hybrid,High,Recurring,Yes,Low-Cost Solar Farm Mechanization
SS00116,Har monsoon/season ye issue hota hai. Immediate repair along with long-term implementation of low-cost solar farm mechanization.,Agriculture & Livestock,Farm Technology & Mechanization,Hybrid,High,Persistent,Yes,Low-Cost Solar Farm Mechanization
SS00117,प्रशासन से तुरंत सहायता भेजी जाए तथा भविष्य के लिए low-cost solar farm mechanization का आधुनिक डिजिटल मॉडल भी विकसित किया जाए।,Agriculture & Livestock,Farm Technology & Mechanization,Hybrid,High,Recurring,Yes,Low-Cost Solar Farm Mechanization
SS00118,urgent govt inspection today n smart AI tech for low-cost solar farm mechanization for future plzz,Agriculture & Livestock,Farm Technology & Mechanization,Hybrid,High,Recurring,Yes,Low-Cost Solar Farm Mechanization
SS00119,"Immediate administrative intervention needed now, accompanied by a university research solution for low-cost solar farm mechanization.",Agriculture & Livestock,Farm Technology & Mechanization,Hybrid,Medium,Occasional,Yes,Low-Cost Solar Farm Mechanization
SS00120,Gaon me pichle 5 din se drinking water supply completely stop hai.,Water & Drinking Water,Drinking Water Supply,Government,High,Occasional,No,None
SS00121,"Piped water supply coming only for 10 minutes in the morning, insufficient for ward 4.",Water & Drinking Water,Drinking Water Supply,Government,Medium,Persistent,No,None
SS00122,Water tanker not arriving in Mahalla despite extreme summer heat.,Water & Drinking Water,Drinking Water Supply,Government,High,One-time,No,None
SS00123,"pani nhi aa rha 3 din se, tanker bhejo plzz",Water & Drinking Water,Drinking Water Supply,Government,High,One-time,No,None
SS00124,"गांव में पेयजल आपूर्ति पिछले एक सप्ताह से बाधित है, नल जल योजना ठप है।",Water & Drinking Water,Drinking Water Supply,Government,High,Persistent,No,None
SS00125,"Overhead water tank pump motor burnt, immediate electrician repair needed.",Water & Drinking Water,Drinking Water Supply,Government,Medium,One-time,No,None
SS00126,Haripar village has no pipeline connectivity under Jal Jeevan Mission.,Water & Drinking Water,Drinking Water Supply,Government,High,Persistent,No,None
SS00127,Solar powered automated water purification filtration unit needed for off-grid hamlet.,Water & Drinking Water,Drinking Water Supply,Innovation,Medium,Occasional,Yes,Solar-Powered Automated Water Filtration
SS00128,Smart automatic water dispensing kiosk required to ensure equitable village distribution.,Water & Drinking Water,Drinking Water Supply,Innovation,Low,Occasional,Yes,Solar-Powered Automated Water Filtration
SS00129,Automated water tank level monitoring and remote valve control system.,Water & Drinking Water,Drinking Water Supply,Innovation,Medium,Occasional,Yes,Solar-Powered Automated Water Filtration
SS00130,solar water purification plant for remote village with low maintenance,Water & Drinking Water,Drinking Water Supply,Innovation,Medium,One-time,Yes,Solar-Powered Automated Water Filtration
SS00131,सौर ऊर्जा संचालित स्वचालित जल शोधन इकाई ग्रामीण क्षेत्रों के लिए विकसित की जाए।,Water & Drinking Water,Drinking Water Supply,Innovation,Medium,Occasional,Yes,Solar-Powered Automated Water Filtration
SS00132,Abhi emergency water tanker bheje aur permanent solution ke liye solar purification water unit install karein.,Water & Drinking Water,Drinking Water Supply,Hybrid,High,Recurring,Yes,Solar-Powered Automated Water Filtration
SS00133,Water supply motor broken: replace pump immediately and deploy smart tank level automated monitoring.,Water & Drinking Water,Drinking Water Supply,Hybrid,High,Occasional,Yes,Solar-Powered Automated Water Filtration
SS00134,Pani ki acute shortage h. Tanker abhi chahiye aur long term solar filtration project lagaye.,Water & Drinking Water,Drinking Water Supply,Hybrid,High,Persistent,Yes,Solar-Powered Automated Water Filtration
SS00135,water tanker needed today n solar automated filtration unit for permanent solution,Water & Drinking Water,Drinking Water Supply,Hybrid,High,Recurring,Yes,Solar-Powered Automated Water Filtration
SS00136,तत्काल पानी का टैंकर भेजा जाए तथा स्वच्छ पेयजल के लिए सौर जल शोधन संयंत्र लगाया जाए।,Water & Drinking Water,Drinking Water Supply,Hybrid,High,Persistent,Yes,Solar-Powered Automated Water Filtration
SS00137,"School ke paas wala handpump 10 din se kharab h, washer change hona hai.",Water & Drinking Water,Handpump & Borewell,Government,Medium,Persistent,No,None
SS00138,"Handpump cylinder jammed in Ward 3, water not lifting up.",Water & Drinking Water,Handpump & Borewell,Government,Medium,Occasional,No,None
SS00139,"Deep borewell motor burnt near community center, urgent replacement needed.",Water & Drinking Water,Handpump & Borewell,Government,High,One-time,No,None
SS00140,handpum kharab h paani nhi nikal rha,Water & Drinking Water,Handpump & Borewell,Government,Low,Occasional,No,None
SS00141,पंचायत भवन के पास स्थित हैंडपंप पिछले एक महीने से खराब है।,Water & Drinking Water,Handpump & Borewell,Government,Medium,Persistent,No,None
SS00142,"Public handpump handle broken by heavy usage, new iron handle required.",Water & Drinking Water,Handpump & Borewell,Government,Low,One-time,No,None
SS00143,Public handpump discharge is muddy and rusty after prolonged non-use.,Water & Drinking Water,Handpump & Borewell,Government,Low,One-time,No,None
SS00144,IoT sensor node to continuously monitor deep borewell water table depth and draw rate.,Water & Drinking Water,Handpump & Borewell,Innovation,Medium,Occasional,Yes,IoT Borewell Water Level & Usage Monitoring
SS00145,Borewell dry-run protection smart sensor to automatically prevent motor burnout.,Water & Drinking Water,Handpump & Borewell,Innovation,Medium,Recurring,Yes,IoT Borewell Water Level & Usage Monitoring
SS00146,Ultrasonic groundwater table level logger for community borewells.,Water & Drinking Water,Handpump & Borewell,Innovation,Low,Occasional,Yes,IoT Borewell Water Level & Usage Monitoring
SS00147,smart IoT device to check borewell water level automatically,Water & Drinking Water,Handpump & Borewell,Innovation,Low,Occasional,Yes,IoT Borewell Water Level & Usage Monitoring
SS00148,जलस्तर मापने हेतु बोरेवेल में आईओटी आधारित डिजिटल सेंसर स्थापित किए जाएं।,Water & Drinking Water,Handpump & Borewell,Innovation,Medium,Occasional,Yes,IoT Borewell Water Level & Usage Monitoring
SS00149,Handpump abhi mechanic bhej kar repair karwaye aur future me borewell level check karne ka IoT sensor lagaye.,Water & Drinking Water,Handpump & Borewell,Hybrid,High,Recurring,Yes,IoT Borewell Water Level & Usage Monitoring
SS00150,Borewell motor repeatedly burning: fix current wiring today and install dry-run smart sensor protection.,Water & Drinking Water,Handpump & Borewell,Hybrid,Medium,Recurring,Yes,IoT Borewell Water Level & Usage Monitoring
SS00151,Handpump 3 baar kharab ho chuka h. Repair abhi ho aur dry level alert sensor bhi install kare.,Water & Drinking Water,Handpump & Borewell,Hybrid,High,Persistent,Yes,IoT Borewell Water Level & Usage Monitoring
SS00152,handpum repair urgent today n IoT sensor to check borewell level,Water & Drinking Water,Handpump & Borewell,Hybrid,Medium,Recurring,Yes,IoT Borewell Water Level & Usage Monitoring
SS00153,हैंडपंप की तुरंत मरम्मत कराई जाए और जलस्तर निगरानी हेतु स्मार्ट सेंसर लगाए जाएं।,Water & Drinking Water,Handpump & Borewell,Hybrid,High,Recurring,Yes,IoT Borewell Water Level & Usage Monitoring
SS00154,Teen din se nal ke pani me smell aa rahi hai aur colour bhi yellow hai.,Water & Drinking Water,Water Quality,Government,High,Occasional,No,None
SS00155,"Drinking water sample test needed, high fluoride suspected in village well.",Water & Drinking Water,Water Quality,Government,High,Persistent,No,None
SS00156,Pani me mitti aur kachra aa raha hai pipeline rupture ki wajah se.,Water & Drinking Water,Water Quality,Government,High,One-time,No,None
SS00157,"water coming very dirty n bad smell, test sample urgent",Water & Drinking Water,Water Quality,Government,High,Occasional,No,None
SS00158,"गाँव के कुएँ का पानी दूषित हो गया है, स्वास्थ्य विभाग पानी की जाँच करे।",Water & Drinking Water,Water Quality,Government,High,Persistent,No,None
SS00159,"Contaminated water causing stomach infection in kids, water testing lab team required.",Water & Drinking Water,Water Quality,Government,Critical,One-time,No,None
SS00160,"Village drinking water turn red brown due to iron contamination, request bleaching powder.",Water & Drinking Water,Water Quality,Government,Medium,Occasional,No,None
SS00161,Village drinking water ko continuously monitor karne ke liye low cost multi-parameter sensor chahiye.,Water & Drinking Water,Water Quality,Innovation,Medium,Occasional,Yes,Continuous Low-Cost Water Quality Sensing
SS00162,"Online continuous water quality monitoring system measuring pH, turbidity and TDS.",Water & Drinking Water,Water Quality,Innovation,Medium,Recurring,Yes,Continuous Low-Cost Water Quality Sensing
SS00163,Arsenic and fluoride optical detection sensor node for rural drinking water sources.,Water & Drinking Water,Water Quality,Innovation,High,Persistent,Yes,Continuous Low-Cost Water Quality Sensing
SS00164,low cost sensor to test water quality real time in village,Water & Drinking Water,Water Quality,Innovation,Low,Occasional,Yes,Continuous Low-Cost Water Quality Sensing
SS00165,जल गुणवत्ता की 24 घंटे ऑनलाइन निगरानी के लिए कम लागत वाले डिजिटल सेंसर बनाएं।,Water & Drinking Water,Water Quality,Innovation,Medium,Occasional,Yes,Continuous Low-Cost Water Quality Sensing
SS00166,"Pani baar baar contaminated mil raha hai. Abhi testing aur alternate supply chahiye, saath me continuous quality monitoring system bhi useful hoga.",Water & Drinking Water,Water Quality,Hybrid,High,Recurring,Yes,Continuous Low-Cost Water Quality Sensing
SS00167,Water contamination reported: flush pipeline today and deploy continuous IoT water quality sensor node.,Water & Drinking Water,Water Quality,Hybrid,Critical,Occasional,Yes,Continuous Low-Cost Water Quality Sensing
SS00168,Ganda pani aa rha h. Abhi chemical testing team bhejo n future me automatic water quality sensor lagaye.,Water & Drinking Water,Water Quality,Hybrid,High,Persistent,Yes,Continuous Low-Cost Water Quality Sensing
SS00169,water testing team urgent now n real time online water quality sensor for future,Water & Drinking Water,Water Quality,Hybrid,High,Recurring,Yes,Continuous Low-Cost Water Quality Sensing
SS00170,दूषित जल की तुरंत प्रयोगशाला जाँच हो तथा निरंतर निगरानी हेतु ऑनलाइन गुणवत्ता सेंसर लगे।,Water & Drinking Water,Water Quality,Hybrid,High,Recurring,Yes,Continuous Low-Cost Water Quality Sensing
SS00171,The administrative service for pipeline & distribution is currently non-functional in our block.,Water & Drinking Water,Pipeline & Distribution,Government,Medium,Persistent,No,None
SS00172,"Pichle 10 din se pipeline & distribution ka problem hai, kripya departmental staff ko inspection ke liye bheje.",Water & Drinking Water,Pipeline & Distribution,Government,High,Occasional,No,None
SS00173,हमारे पंचायत में pipeline & distribution से संबंधित शिकायत पर कई हफ्तों से कोई कार्रवाई नहीं हुई है।,Water & Drinking Water,Pipeline & Distribution,Government,Medium,Persistent,No,None
SS00174,"pipeline & distribution issue in ward 5, officer not taking call",Water & Drinking Water,Pipeline & Distribution,Government,Low,Occasional,No,None
SS00175,pipeline & distribution is broken n not wrking properly plzz resolve,Water & Drinking Water,Pipeline & Distribution,Government,Medium,Occasional,No,None
SS00176,Block level grievance filed for pipeline & distribution last month but service is still pending.,Water & Drinking Water,Pipeline & Distribution,Government,Low,One-time,No,None
SS00177,Urgent maintenance team required for pipeline & distribution near community market place.,Water & Drinking Water,Pipeline & Distribution,Government,High,One-time,No,None
SS00178,We need an automated digital technology system for smart acoustic pipeline leak detection to monitor this issue continuously.,Water & Drinking Water,Pipeline & Distribution,Innovation,Medium,Recurring,Yes,Smart Acoustic Pipeline Leak Detection
SS00179,Is problem ko permanently solve karne ke liye smart acoustic pipeline leak detection ka low-cost sensor prototype chahiye.,Water & Drinking Water,Pipeline & Distribution,Innovation,Medium,Occasional,Yes,Smart Acoustic Pipeline Leak Detection
SS00180,नवीनतम तकनीक और smart acoustic pipeline leak detection के माध्यम से इस समस्या का स्वचालित समाधान किया जाना चाहिए।,Water & Drinking Water,Pipeline & Distribution,Innovation,High,Recurring,Yes,Smart Acoustic Pipeline Leak Detection
SS00181,need AI and IoT smart solution for smart acoustic pipeline leak detection,Water & Drinking Water,Pipeline & Distribution,Innovation,Low,One-time,Yes,Smart Acoustic Pipeline Leak Detection
SS00182,Developing an offline smart system for smart acoustic pipeline leak detection will eliminate manual delays.,Water & Drinking Water,Pipeline & Distribution,Innovation,Medium,Occasional,Yes,Smart Acoustic Pipeline Leak Detection
SS00183,Abhi तुरंत department emergency team bheje aur future ke liye smart acoustic pipeline leak detection ka early warning technology setup karein.,Water & Drinking Water,Pipeline & Distribution,Hybrid,High,Recurring,Yes,Smart Acoustic Pipeline Leak Detection
SS00184,Har monsoon/season ye issue hota hai. Immediate repair along with long-term implementation of smart acoustic pipeline leak detection.,Water & Drinking Water,Pipeline & Distribution,Hybrid,High,Persistent,Yes,Smart Acoustic Pipeline Leak Detection
SS00185,प्रशासन से तुरंत सहायता भेजी जाए तथा भविष्य के लिए smart acoustic pipeline leak detection का आधुनिक डिजिटल मॉडल भी विकसित किया जाए।,Water & Drinking Water,Pipeline & Distribution,Hybrid,High,Recurring,Yes,Smart Acoustic Pipeline Leak Detection
SS00186,urgent govt inspection today n smart AI tech for smart acoustic pipeline leak detection for future plzz,Water & Drinking Water,Pipeline & Distribution,Hybrid,High,Recurring,Yes,Smart Acoustic Pipeline Leak Detection
SS00187,"Immediate administrative intervention needed now, accompanied by a university research solution for smart acoustic pipeline leak detection.",Water & Drinking Water,Pipeline & Distribution,Hybrid,Medium,Occasional,Yes,Smart Acoustic Pipeline Leak Detection
SS00188,The administrative service for groundwater availability is currently non-functional in our block.,Water & Drinking Water,Groundwater Availability,Government,Medium,Persistent,No,None
SS00189,"Pichle 10 din se groundwater availability ka problem hai, kripya departmental staff ko inspection ke liye bheje.",Water & Drinking Water,Groundwater Availability,Government,High,Occasional,No,None
SS00190,हमारे पंचायत में groundwater availability से संबंधित शिकायत पर कई हफ्तों से कोई कार्रवाई नहीं हुई है।,Water & Drinking Water,Groundwater Availability,Government,Medium,Persistent,No,None
SS00191,"groundwater availability issue in ward 5, officer not taking call",Water & Drinking Water,Groundwater Availability,Government,Low,Occasional,No,None
SS00192,groundwater availability is broken n not wrking properly plzz resolve,Water & Drinking Water,Groundwater Availability,Government,Medium,Occasional,No,None
SS00193,Block level grievance filed for groundwater availability last month but service is still pending.,Water & Drinking Water,Groundwater Availability,Government,Low,One-time,No,None
SS00194,Urgent maintenance team required for groundwater availability near community market place.,Water & Drinking Water,Groundwater Availability,Government,High,One-time,No,None
SS00195,We need an automated digital technology system for satellite hydro-geological aquifer mapping to monitor this issue continuously.,Water & Drinking Water,Groundwater Availability,Innovation,Medium,Recurring,Yes,Satellite Hydro-Geological Aquifer Mapping
SS00196,Is problem ko permanently solve karne ke liye satellite hydro-geological aquifer mapping ka low-cost sensor prototype chahiye.,Water & Drinking Water,Groundwater Availability,Innovation,Medium,Occasional,Yes,Satellite Hydro-Geological Aquifer Mapping
SS00197,नवीनतम तकनीक और satellite hydro-geological aquifer mapping के माध्यम से इस समस्या का स्वचालित समाधान किया जाना चाहिए।,Water & Drinking Water,Groundwater Availability,Innovation,High,Recurring,Yes,Satellite Hydro-Geological Aquifer Mapping
SS00198,need AI and IoT smart solution for satellite hydro-geological aquifer mapping,Water & Drinking Water,Groundwater Availability,Innovation,Low,One-time,Yes,Satellite Hydro-Geological Aquifer Mapping
SS00199,Developing an offline smart system for satellite hydro-geological aquifer mapping will eliminate manual delays.,Water & Drinking Water,Groundwater Availability,Innovation,Medium,Occasional,Yes,Satellite Hydro-Geological Aquifer Mapping
SS00200,Abhi तुरंत department emergency team bheje aur future ke liye satellite hydro-geological aquifer mapping ka early warning technology setup karein.,Water & Drinking Water,Groundwater Availability,Hybrid,High,Recurring,Yes,Satellite Hydro-Geological Aquifer Mapping
SS00201,Har monsoon/season ye issue hota hai. Immediate repair along with long-term implementation of satellite hydro-geological aquifer mapping.,Water & Drinking Water,Groundwater Availability,Hybrid,High,Persistent,Yes,Satellite Hydro-Geological Aquifer Mapping
SS00202,प्रशासन से तुरंत सहायता भेजी जाए तथा भविष्य के लिए satellite hydro-geological aquifer mapping का आधुनिक डिजिटल मॉडल भी विकसित किया जाए।,Water & Drinking Water,Groundwater Availability,Hybrid,High,Recurring,Yes,Satellite Hydro-Geological Aquifer Mapping
SS00203,urgent govt inspection today n smart AI tech for satellite hydro-geological aquifer mapping for future plzz,Water & Drinking Water,Groundwater Availability,Hybrid,High,Recurring,Yes,Satellite Hydro-Geological Aquifer Mapping
SS00204,"Immediate administrative intervention needed now, accompanied by a university research solution for satellite hydro-geological aquifer mapping.",Water & Drinking Water,Groundwater Availability,Hybrid,Medium,Occasional,Yes,Satellite Hydro-Geological Aquifer Mapping
SS00205,The administrative service for irrigation water is currently non-functional in our block.,Water & Drinking Water,Irrigation Water,Government,Medium,Persistent,No,None
SS00206,"Pichle 10 din se irrigation water ka problem hai, kripya departmental staff ko inspection ke liye bheje.",Water & Drinking Water,Irrigation Water,Government,High,Occasional,No,None
SS00207,हमारे पंचायत में irrigation water से संबंधित शिकायत पर कई हफ्तों से कोई कार्रवाई नहीं हुई है।,Water & Drinking Water,Irrigation Water,Government,Medium,Persistent,No,None
SS00208,"irrigation water issue in ward 5, officer not taking call",Water & Drinking Water,Irrigation Water,Government,Low,Occasional,No,None
SS00209,irrigation water is broken n not wrking properly plzz resolve,Water & Drinking Water,Irrigation Water,Government,Medium,Occasional,No,None
SS00210,Block level grievance filed for irrigation water last month but service is still pending.,Water & Drinking Water,Irrigation Water,Government,Low,One-time,No,None
SS00211,Urgent maintenance team required for irrigation water near community market place.,Water & Drinking Water,Irrigation Water,Government,High,One-time,No,None
SS00212,We need an automated digital technology system for automated canal water gate control to monitor this issue continuously.,Water & Drinking Water,Irrigation Water,Innovation,Medium,Recurring,Yes,Automated Canal Water Gate Control
SS00213,Is problem ko permanently solve karne ke liye automated canal water gate control ka low-cost sensor prototype chahiye.,Water & Drinking Water,Irrigation Water,Innovation,Medium,Occasional,Yes,Automated Canal Water Gate Control
SS00214,नवीनतम तकनीक और automated canal water gate control के माध्यम से इस समस्या का स्वचालित समाधान किया जाना चाहिए।,Water & Drinking Water,Irrigation Water,Innovation,High,Recurring,Yes,Automated Canal Water Gate Control
SS00215,need AI and IoT smart solution for automated canal water gate control,Water & Drinking Water,Irrigation Water,Innovation,Low,One-time,Yes,Automated Canal Water Gate Control
SS00216,Developing an offline smart system for automated canal water gate control will eliminate manual delays.,Water & Drinking Water,Irrigation Water,Innovation,Medium,Occasional,Yes,Automated Canal Water Gate Control
SS00217,Abhi तुरंत department emergency team bheje aur future ke liye automated canal water gate control ka early warning technology setup karein.,Water & Drinking Water,Irrigation Water,Hybrid,High,Recurring,Yes,Automated Canal Water Gate Control
SS00218,Har monsoon/season ye issue hota hai. Immediate repair along with long-term implementation of automated canal water gate control.,Water & Drinking Water,Irrigation Water,Hybrid,High,Persistent,Yes,Automated Canal Water Gate Control
SS00219,प्रशासन से तुरंत सहायता भेजी जाए तथा भविष्य के लिए automated canal water gate control का आधुनिक डिजिटल मॉडल भी विकसित किया जाए।,Water & Drinking Water,Irrigation Water,Hybrid,High,Recurring,Yes,Automated Canal Water Gate Control
SS00220,urgent govt inspection today n smart AI tech for automated canal water gate control for future plzz,Water & Drinking Water,Irrigation Water,Hybrid,High,Recurring,Yes,Automated Canal Water Gate Control
SS00221,"Immediate administrative intervention needed now, accompanied by a university research solution for automated canal water gate control.",Water & Drinking Water,Irrigation Water,Hybrid,Medium,Occasional,Yes,Automated Canal Water Gate Control
SS00222,The administrative service for water conservation is currently non-functional in our block.,Water & Drinking Water,Water Conservation,Government,Medium,Persistent,No,None
SS00223,"Pichle 10 din se water conservation ka problem hai, kripya departmental staff ko inspection ke liye bheje.",Water & Drinking Water,Water Conservation,Government,High,Occasional,No,None
SS00224,हमारे पंचायत में water conservation से संबंधित शिकायत पर कई हफ्तों से कोई कार्रवाई नहीं हुई है।,Water & Drinking Water,Water Conservation,Government,Medium,Persistent,No,None
SS00225,"water conservation issue in ward 5, officer not taking call",Water & Drinking Water,Water Conservation,Government,Low,Occasional,No,None
SS00226,water conservation is broken n not wrking properly plzz resolve,Water & Drinking Water,Water Conservation,Government,Medium,Occasional,No,None
SS00227,Block level grievance filed for water conservation last month but service is still pending.,Water & Drinking Water,Water Conservation,Government,Low,One-time,No,None
SS00228,Urgent maintenance team required for water conservation near community market place.,Water & Drinking Water,Water Conservation,Government,High,One-time,No,None
SS00229,We need an automated digital technology system for community rainwater harvesting analytics to monitor this issue continuously.,Water & Drinking Water,Water Conservation,Innovation,Medium,Recurring,Yes,Community Rainwater Harvesting Analytics
SS00230,Is problem ko permanently solve karne ke liye community rainwater harvesting analytics ka low-cost sensor prototype chahiye.,Water & Drinking Water,Water Conservation,Innovation,Medium,Occasional,Yes,Community Rainwater Harvesting Analytics
SS00231,नवीनतम तकनीक और community rainwater harvesting analytics के माध्यम से इस समस्या का स्वचालित समाधान किया जाना चाहिए।,Water & Drinking Water,Water Conservation,Innovation,High,Recurring,Yes,Community Rainwater Harvesting Analytics
SS00232,need AI and IoT smart solution for community rainwater harvesting analytics,Water & Drinking Water,Water Conservation,Innovation,Low,One-time,Yes,Community Rainwater Harvesting Analytics
SS00233,Developing an offline smart system for community rainwater harvesting analytics will eliminate manual delays.,Water & Drinking Water,Water Conservation,Innovation,Medium,Occasional,Yes,Community Rainwater Harvesting Analytics
SS00234,Abhi तुरंत department emergency team bheje aur future ke liye community rainwater harvesting analytics ka early warning technology setup karein.,Water & Drinking Water,Water Conservation,Hybrid,High,Recurring,Yes,Community Rainwater Harvesting Analytics
SS00235,Har monsoon/season ye issue hota hai. Immediate repair along with long-term implementation of community rainwater harvesting analytics.,Water & Drinking Water,Water Conservation,Hybrid,High,Persistent,Yes,Community Rainwater Harvesting Analytics
SS00236,प्रशासन से तुरंत सहायता भेजी जाए तथा भविष्य के लिए community rainwater harvesting analytics का आधुनिक डिजिटल मॉडल भी विकसित किया जाए।,Water & Drinking Water,Water Conservation,Hybrid,High,Recurring,Yes,Community Rainwater Harvesting Analytics
SS00237,urgent govt inspection today n smart AI tech for community rainwater harvesting analytics for future plzz,Water & Drinking Water,Water Conservation,Hybrid,High,Recurring,Yes,Community Rainwater Harvesting Analytics
SS00238,"Immediate administrative intervention needed now, accompanied by a university research solution for community rainwater harvesting analytics.",Water & Drinking Water,Water Conservation,Hybrid,Medium,Occasional,Yes,Community Rainwater Harvesting Analytics
SS00239,The administrative service for garbage collection is currently non-functional in our block.,Sanitation & Waste Management,Garbage Collection,Government,Medium,Persistent,No,None
SS00240,"Pichle 10 din se garbage collection ka problem hai, kripya departmental staff ko inspection ke liye bheje.",Sanitation & Waste Management,Garbage Collection,Government,High,Occasional,No,None
SS00241,हमारे पंचायत में garbage collection से संबंधित शिकायत पर कई हफ्तों से कोई कार्रवाई नहीं हुई है।,Sanitation & Waste Management,Garbage Collection,Government,Medium,Persistent,No,None
SS00242,"garbage collection issue in ward 5, officer not taking call",Sanitation & Waste Management,Garbage Collection,Government,Low,Occasional,No,None
SS00243,garbage collection is broken n not wrking properly plzz resolve,Sanitation & Waste Management,Garbage Collection,Government,Medium,Occasional,No,None
SS00244,Block level grievance filed for garbage collection last month but service is still pending.,Sanitation & Waste Management,Garbage Collection,Government,Low,One-time,No,None
SS00245,Urgent maintenance team required for garbage collection near community market place.,Sanitation & Waste Management,Garbage Collection,Government,High,One-time,No,None
SS00246,We need an automated digital technology system for smart waste bin fill level monitoring to monitor this issue continuously.,Sanitation & Waste Management,Garbage Collection,Innovation,Medium,Recurring,Yes,Smart Waste Bin Fill Level Monitoring
SS00247,Is problem ko permanently solve karne ke liye smart waste bin fill level monitoring ka low-cost sensor prototype chahiye.,Sanitation & Waste Management,Garbage Collection,Innovation,Medium,Occasional,Yes,Smart Waste Bin Fill Level Monitoring
SS00248,नवीनतम तकनीक और smart waste bin fill level monitoring के माध्यम से इस समस्या का स्वचालित समाधान किया जाना चाहिए।,Sanitation & Waste Management,Garbage Collection,Innovation,High,Recurring,Yes,Smart Waste Bin Fill Level Monitoring
SS00249,need AI and IoT smart solution for smart waste bin fill level monitoring,Sanitation & Waste Management,Garbage Collection,Innovation,Low,One-time,Yes,Smart Waste Bin Fill Level Monitoring
SS00250,Developing an offline smart system for smart waste bin fill level monitoring will eliminate manual delays.,Sanitation & Waste Management,Garbage Collection,Innovation,Medium,Occasional,Yes,Smart Waste Bin Fill Level Monitoring
SS00251,Abhi तुरंत department emergency team bheje aur future ke liye smart waste bin fill level monitoring ka early warning technology setup karein.,Sanitation & Waste Management,Garbage Collection,Hybrid,High,Recurring,Yes,Smart Waste Bin Fill Level Monitoring
SS00252,Har monsoon/season ye issue hota hai. Immediate repair along with long-term implementation of smart waste bin fill level monitoring.,Sanitation & Waste Management,Garbage Collection,Hybrid,High,Persistent,Yes,Smart Waste Bin Fill Level Monitoring
SS00253,प्रशासन से तुरंत सहायता भेजी जाए तथा भविष्य के लिए smart waste bin fill level monitoring का आधुनिक डिजिटल मॉडल भी विकसित किया जाए।,Sanitation & Waste Management,Garbage Collection,Hybrid,High,Recurring,Yes,Smart Waste Bin Fill Level Monitoring
SS00254,urgent govt inspection today n smart AI tech for smart waste bin fill level monitoring for future plzz,Sanitation & Waste Management,Garbage Collection,Hybrid,High,Recurring,Yes,Smart Waste Bin Fill Level Monitoring
SS00255,"Immediate administrative intervention needed now, accompanied by a university research solution for smart waste bin fill level monitoring.",Sanitation & Waste Management,Garbage Collection,Hybrid,Medium,Occasional,Yes,Smart Waste Bin Fill Level Monitoring
SS00256,The administrative service for solid waste disposal is currently non-functional in our block.,Sanitation & Waste Management,Solid Waste Disposal,Government,Medium,Persistent,No,None
SS00257,"Pichle 10 din se solid waste disposal ka problem hai, kripya departmental staff ko inspection ke liye bheje.",Sanitation & Waste Management,Solid Waste Disposal,Government,High,Occasional,No,None
SS00258,हमारे पंचायत में solid waste disposal से संबंधित शिकायत पर कई हफ्तों से कोई कार्रवाई नहीं हुई है।,Sanitation & Waste Management,Solid Waste Disposal,Government,Medium,Persistent,No,None
SS00259,"solid waste disposal issue in ward 5, officer not taking call",Sanitation & Waste Management,Solid Waste Disposal,Government,Low,Occasional,No,None
SS00260,solid waste disposal is broken n not wrking properly plzz resolve,Sanitation & Waste Management,Solid Waste Disposal,Government,Medium,Occasional,No,None
SS00261,Block level grievance filed for solid waste disposal last month but service is still pending.,Sanitation & Waste Management,Solid Waste Disposal,Government,Low,One-time,No,None
SS00262,Urgent maintenance team required for solid waste disposal near community market place.,Sanitation & Waste Management,Solid Waste Disposal,Government,High,One-time,No,None
SS00263,We need an automated digital technology system for automated optical waste segregation to monitor this issue continuously.,Sanitation & Waste Management,Solid Waste Disposal,Innovation,Medium,Recurring,Yes,Automated Optical Waste Segregation
SS00264,Is problem ko permanently solve karne ke liye automated optical waste segregation ka low-cost sensor prototype chahiye.,Sanitation & Waste Management,Solid Waste Disposal,Innovation,Medium,Occasional,Yes,Automated Optical Waste Segregation
SS00265,नवीनतम तकनीक और automated optical waste segregation के माध्यम से इस समस्या का स्वचालित समाधान किया जाना चाहिए।,Sanitation & Waste Management,Solid Waste Disposal,Innovation,High,Recurring,Yes,Automated Optical Waste Segregation
SS00266,need AI and IoT smart solution for automated optical waste segregation,Sanitation & Waste Management,Solid Waste Disposal,Innovation,Low,One-time,Yes,Automated Optical Waste Segregation
SS00267,Developing an offline smart system for automated optical waste segregation will eliminate manual delays.,Sanitation & Waste Management,Solid Waste Disposal,Innovation,Medium,Occasional,Yes,Automated Optical Waste Segregation
SS00268,Abhi तुरंत department emergency team bheje aur future ke liye automated optical waste segregation ka early warning technology setup karein.,Sanitation & Waste Management,Solid Waste Disposal,Hybrid,High,Recurring,Yes,Automated Optical Waste Segregation
SS00269,Har monsoon/season ye issue hota hai. Immediate repair along with long-term implementation of automated optical waste segregation.,Sanitation & Waste Management,Solid Waste Disposal,Hybrid,High,Persistent,Yes,Automated Optical Waste Segregation
SS00270,प्रशासन से तुरंत सहायता भेजी जाए तथा भविष्य के लिए automated optical waste segregation का आधुनिक डिजिटल मॉडल भी विकसित किया जाए।,Sanitation & Waste Management,Solid Waste Disposal,Hybrid,High,Recurring,Yes,Automated Optical Waste Segregation
SS00271,urgent govt inspection today n smart AI tech for automated optical waste segregation for future plzz,Sanitation & Waste Management,Solid Waste Disposal,Hybrid,High,Recurring,Yes,Automated Optical Waste Segregation
SS00272,"Immediate administrative intervention needed now, accompanied by a university research solution for automated optical waste segregation.",Sanitation & Waste Management,Solid Waste Disposal,Hybrid,Medium,Occasional,Yes,Automated Optical Waste Segregation
SS00273,The administrative service for drainage & sewage is currently non-functional in our block.,Sanitation & Waste Management,Drainage & Sewage,Government,Medium,Persistent,No,None
SS00274,"Pichle 10 din se drainage & sewage ka problem hai, kripya departmental staff ko inspection ke liye bheje.",Sanitation & Waste Management,Drainage & Sewage,Government,High,Occasional,No,None
SS00275,हमारे पंचायत में drainage & sewage से संबंधित शिकायत पर कई हफ्तों से कोई कार्रवाई नहीं हुई है।,Sanitation & Waste Management,Drainage & Sewage,Government,Medium,Persistent,No,None
SS00276,"drainage & sewage issue in ward 5, officer not taking call",Sanitation & Waste Management,Drainage & Sewage,Government,Low,Occasional,No,None
SS00277,drainage & sewage is broken n not wrking properly plzz resolve,Sanitation & Waste Management,Drainage & Sewage,Government,Medium,Occasional,No,None
SS00278,Block level grievance filed for drainage & sewage last month but service is still pending.,Sanitation & Waste Management,Drainage & Sewage,Government,Low,One-time,No,None
SS00279,Urgent maintenance team required for drainage & sewage near community market place.,Sanitation & Waste Management,Drainage & Sewage,Government,High,One-time,No,None
SS00280,We need an automated digital technology system for ai sewage overflow & blockage early warning to monitor this issue continuously.,Sanitation & Waste Management,Drainage & Sewage,Innovation,Medium,Recurring,Yes,AI Sewage Overflow & Blockage Early Warning
SS00281,Is problem ko permanently solve karne ke liye ai sewage overflow & blockage early warning ka low-cost sensor prototype chahiye.,Sanitation & Waste Management,Drainage & Sewage,Innovation,Medium,Occasional,Yes,AI Sewage Overflow & Blockage Early Warning
SS00282,नवीनतम तकनीक और ai sewage overflow & blockage early warning के माध्यम से इस समस्या का स्वचालित समाधान किया जाना चाहिए।,Sanitation & Waste Management,Drainage & Sewage,Innovation,High,Recurring,Yes,AI Sewage Overflow & Blockage Early Warning
SS00283,need AI and IoT smart solution for ai sewage overflow & blockage early warning,Sanitation & Waste Management,Drainage & Sewage,Innovation,Low,One-time,Yes,AI Sewage Overflow & Blockage Early Warning
SS00284,Developing an offline smart system for ai sewage overflow & blockage early warning will eliminate manual delays.,Sanitation & Waste Management,Drainage & Sewage,Innovation,Medium,Occasional,Yes,AI Sewage Overflow & Blockage Early Warning
SS00285,Abhi तुरंत department emergency team bheje aur future ke liye ai sewage overflow & blockage early warning ka early warning technology setup karein.,Sanitation & Waste Management,Drainage & Sewage,Hybrid,High,Recurring,Yes,AI Sewage Overflow & Blockage Early Warning
SS00286,Har monsoon/season ye issue hota hai. Immediate repair along with long-term implementation of ai sewage overflow & blockage early warning.,Sanitation & Waste Management,Drainage & Sewage,Hybrid,High,Persistent,Yes,AI Sewage Overflow & Blockage Early Warning
SS00287,प्रशासन से तुरंत सहायता भेजी जाए तथा भविष्य के लिए ai sewage overflow & blockage early warning का आधुनिक डिजिटल मॉडल भी विकसित किया जाए।,Sanitation & Waste Management,Drainage & Sewage,Hybrid,High,Recurring,Yes,AI Sewage Overflow & Blockage Early Warning
SS00288,urgent govt inspection today n smart AI tech for ai sewage overflow & blockage early warning for future plzz,Sanitation & Waste Management,Drainage & Sewage,Hybrid,High,Recurring,Yes,AI Sewage Overflow & Blockage Early Warning
SS00289,"Immediate administrative intervention needed now, accompanied by a university research solution for ai sewage overflow & blockage early warning.",Sanitation & Waste Management,Drainage & Sewage,Hybrid,Medium,Occasional,Yes,AI Sewage Overflow & Blockage Early Warning
SS00290,The administrative service for public toilets is currently non-functional in our block.,Sanitation & Waste Management,Public Toilets,Government,Medium,Persistent,No,None
SS00291,"Pichle 10 din se public toilets ka problem hai, kripya departmental staff ko inspection ke liye bheje.",Sanitation & Waste Management,Public Toilets,Government,High,Occasional,No,None
SS00292,हमारे पंचायत में public toilets से संबंधित शिकायत पर कई हफ्तों से कोई कार्रवाई नहीं हुई है।,Sanitation & Waste Management,Public Toilets,Government,Medium,Persistent,No,None
SS00293,"public toilets issue in ward 5, officer not taking call",Sanitation & Waste Management,Public Toilets,Government,Low,Occasional,No,None
SS00294,public toilets is broken n not wrking properly plzz resolve,Sanitation & Waste Management,Public Toilets,Government,Medium,Occasional,No,None
SS00295,Block level grievance filed for public toilets last month but service is still pending.,Sanitation & Waste Management,Public Toilets,Government,Low,One-time,No,None
SS00296,Urgent maintenance team required for public toilets near community market place.,Sanitation & Waste Management,Public Toilets,Government,High,One-time,No,None
SS00297,We need an automated digital technology system for iot sanitation & odor monitoring system to monitor this issue continuously.,Sanitation & Waste Management,Public Toilets,Innovation,Medium,Recurring,Yes,IoT Sanitation & Odor Monitoring System
SS00298,Is problem ko permanently solve karne ke liye iot sanitation & odor monitoring system ka low-cost sensor prototype chahiye.,Sanitation & Waste Management,Public Toilets,Innovation,Medium,Occasional,Yes,IoT Sanitation & Odor Monitoring System
SS00299,नवीनतम तकनीक और iot sanitation & odor monitoring system के माध्यम से इस समस्या का स्वचालित समाधान किया जाना चाहिए।,Sanitation & Waste Management,Public Toilets,Innovation,High,Recurring,Yes,IoT Sanitation & Odor Monitoring System
SS00300,need AI and IoT smart solution for iot sanitation & odor monitoring system,Sanitation & Waste Management,Public Toilets,Innovation,Low,One-time,Yes,IoT Sanitation & Odor Monitoring System
SS00301,Developing an offline smart system for iot sanitation & odor monitoring system will eliminate manual delays.,Sanitation & Waste Management,Public Toilets,Innovation,Medium,Occasional,Yes,IoT Sanitation & Odor Monitoring System
SS00302,Abhi तुरंत department emergency team bheje aur future ke liye iot sanitation & odor monitoring system ka early warning technology setup karein.,Sanitation & Waste Management,Public Toilets,Hybrid,High,Recurring,Yes,IoT Sanitation & Odor Monitoring System
SS00303,Har monsoon/season ye issue hota hai. Immediate repair along with long-term implementation of iot sanitation & odor monitoring system.,Sanitation & Waste Management,Public Toilets,Hybrid,High,Persistent,Yes,IoT Sanitation & Odor Monitoring System
SS00304,प्रशासन से तुरंत सहायता भेजी जाए तथा भविष्य के लिए iot sanitation & odor monitoring system का आधुनिक डिजिटल मॉडल भी विकसित किया जाए।,Sanitation & Waste Management,Public Toilets,Hybrid,High,Recurring,Yes,IoT Sanitation & Odor Monitoring System
SS00305,urgent govt inspection today n smart AI tech for iot sanitation & odor monitoring system for future plzz,Sanitation & Waste Management,Public Toilets,Hybrid,High,Recurring,Yes,IoT Sanitation & Odor Monitoring System
SS00306,"Immediate administrative intervention needed now, accompanied by a university research solution for iot sanitation & odor monitoring system.",Sanitation & Waste Management,Public Toilets,Hybrid,Medium,Occasional,Yes,IoT Sanitation & Odor Monitoring System
SS00307,The administrative service for open defecation is currently non-functional in our block.,Sanitation & Waste Management,Open Defecation,Government,Medium,Persistent,No,None
SS00308,"Pichle 10 din se open defecation ka problem hai, kripya departmental staff ko inspection ke liye bheje.",Sanitation & Waste Management,Open Defecation,Government,High,Occasional,No,None
SS00309,हमारे पंचायत में open defecation से संबंधित शिकायत पर कई हफ्तों से कोई कार्रवाई नहीं हुई है।,Sanitation & Waste Management,Open Defecation,Government,Medium,Persistent,No,None
SS00310,"open defecation issue in ward 5, officer not taking call",Sanitation & Waste Management,Open Defecation,Government,Low,Occasional,No,None
SS00311,open defecation is broken n not wrking properly plzz resolve,Sanitation & Waste Management,Open Defecation,Government,Medium,Occasional,No,None
SS00312,Block level grievance filed for open defecation last month but service is still pending.,Sanitation & Waste Management,Open Defecation,Government,Low,One-time,No,None
SS00313,Urgent maintenance team required for open defecation near community market place.,Sanitation & Waste Management,Open Defecation,Government,High,One-time,No,None
SS00314,We need an automated digital technology system for bio-digester smart eco-sanitation units to monitor this issue continuously.,Sanitation & Waste Management,Open Defecation,Innovation,Medium,Recurring,Yes,Bio-Digester Smart Eco-Sanitation Units
SS00315,Is problem ko permanently solve karne ke liye bio-digester smart eco-sanitation units ka low-cost sensor prototype chahiye.,Sanitation & Waste Management,Open Defecation,Innovation,Medium,Occasional,Yes,Bio-Digester Smart Eco-Sanitation Units
SS00316,नवीनतम तकनीक और bio-digester smart eco-sanitation units के माध्यम से इस समस्या का स्वचालित समाधान किया जाना चाहिए।,Sanitation & Waste Management,Open Defecation,Innovation,High,Recurring,Yes,Bio-Digester Smart Eco-Sanitation Units
SS00317,need AI and IoT smart solution for bio-digester smart eco-sanitation units,Sanitation & Waste Management,Open Defecation,Innovation,Low,One-time,Yes,Bio-Digester Smart Eco-Sanitation Units
SS00318,Developing an offline smart system for bio-digester smart eco-sanitation units will eliminate manual delays.,Sanitation & Waste Management,Open Defecation,Innovation,Medium,Occasional,Yes,Bio-Digester Smart Eco-Sanitation Units
SS00319,Abhi तुरंत department emergency team bheje aur future ke liye bio-digester smart eco-sanitation units ka early warning technology setup karein.,Sanitation & Waste Management,Open Defecation,Hybrid,High,Recurring,Yes,Bio-Digester Smart Eco-Sanitation Units
SS00320,Har monsoon/season ye issue hota hai. Immediate repair along with long-term implementation of bio-digester smart eco-sanitation units.,Sanitation & Waste Management,Open Defecation,Hybrid,High,Persistent,Yes,Bio-Digester Smart Eco-Sanitation Units
SS00321,प्रशासन से तुरंत सहायता भेजी जाए तथा भविष्य के लिए bio-digester smart eco-sanitation units का आधुनिक डिजिटल मॉडल भी विकसित किया जाए।,Sanitation & Waste Management,Open Defecation,Hybrid,High,Recurring,Yes,Bio-Digester Smart Eco-Sanitation Units
SS00322,urgent govt inspection today n smart AI tech for bio-digester smart eco-sanitation units for future plzz,Sanitation & Waste Management,Open Defecation,Hybrid,High,Recurring,Yes,Bio-Digester Smart Eco-Sanitation Units
SS00323,"Immediate administrative intervention needed now, accompanied by a university research solution for bio-digester smart eco-sanitation units.",Sanitation & Waste Management,Open Defecation,Hybrid,Medium,Occasional,Yes,Bio-Digester Smart Eco-Sanitation Units
SS00324,The administrative service for plastic & hazardous waste is currently non-functional in our block.,Sanitation & Waste Management,Plastic & Hazardous Waste,Government,Medium,Persistent,No,None
SS00325,"Pichle 10 din se plastic & hazardous waste ka problem hai, kripya departmental staff ko inspection ke liye bheje.",Sanitation & Waste Management,Plastic & Hazardous Waste,Government,High,Occasional,No,None
SS00326,हमारे पंचायत में plastic & hazardous waste से संबंधित शिकायत पर कई हफ्तों से कोई कार्रवाई नहीं हुई है।,Sanitation & Waste Management,Plastic & Hazardous Waste,Government,Medium,Persistent,No,None
SS00327,"plastic & hazardous waste issue in ward 5, officer not taking call",Sanitation & Waste Management,Plastic & Hazardous Waste,Government,Low,Occasional,No,None
SS00328,plastic & hazardous waste is broken n not wrking properly plzz resolve,Sanitation & Waste Management,Plastic & Hazardous Waste,Government,Medium,Occasional,No,None
SS00329,Block level grievance filed for plastic & hazardous waste last month but service is still pending.,Sanitation & Waste Management,Plastic & Hazardous Waste,Government,Low,One-time,No,None
SS00330,Urgent maintenance team required for plastic & hazardous waste near community market place.,Sanitation & Waste Management,Plastic & Hazardous Waste,Government,High,One-time,No,None
SS00331,We need an automated digital technology system for plasma gasification & plastic recycling tech to monitor this issue continuously.,Sanitation & Waste Management,Plastic & Hazardous Waste,Innovation,Medium,Recurring,Yes,Plasma Gasification & Plastic Recycling Tech
SS00332,Is problem ko permanently solve karne ke liye plasma gasification & plastic recycling tech ka low-cost sensor prototype chahiye.,Sanitation & Waste Management,Plastic & Hazardous Waste,Innovation,Medium,Occasional,Yes,Plasma Gasification & Plastic Recycling Tech
SS00333,नवीनतम तकनीक और plasma gasification & plastic recycling tech के माध्यम से इस समस्या का स्वचालित समाधान किया जाना चाहिए।,Sanitation & Waste Management,Plastic & Hazardous Waste,Innovation,High,Recurring,Yes,Plasma Gasification & Plastic Recycling Tech
SS00334,need AI and IoT smart solution for plasma gasification & plastic recycling tech,Sanitation & Waste Management,Plastic & Hazardous Waste,Innovation,Low,One-time,Yes,Plasma Gasification & Plastic Recycling Tech
SS00335,Developing an offline smart system for plasma gasification & plastic recycling tech will eliminate manual delays.,Sanitation & Waste Management,Plastic & Hazardous Waste,Innovation,Medium,Occasional,Yes,Plasma Gasification & Plastic Recycling Tech
SS00336,Abhi तुरंत department emergency team bheje aur future ke liye plasma gasification & plastic recycling tech ka early warning technology setup karein.,Sanitation & Waste Management,Plastic & Hazardous Waste,Hybrid,High,Recurring,Yes,Plasma Gasification & Plastic Recycling Tech
SS00337,Har monsoon/season ye issue hota hai. Immediate repair along with long-term implementation of plasma gasification & plastic recycling tech.,Sanitation & Waste Management,Plastic & Hazardous Waste,Hybrid,High,Persistent,Yes,Plasma Gasification & Plastic Recycling Tech
SS00338,प्रशासन से तुरंत सहायता भेजी जाए तथा भविष्य के लिए plasma gasification & plastic recycling tech का आधुनिक डिजिटल मॉडल भी विकसित किया जाए।,Sanitation & Waste Management,Plastic & Hazardous Waste,Hybrid,High,Recurring,Yes,Plasma Gasification & Plastic Recycling Tech
SS00339,urgent govt inspection today n smart AI tech for plasma gasification & plastic recycling tech for future plzz,Sanitation & Waste Management,Plastic & Hazardous Waste,Hybrid,High,Recurring,Yes,Plasma Gasification & Plastic Recycling Tech
SS00340,"Immediate administrative intervention needed now, accompanied by a university research solution for plasma gasification & plastic recycling tech.",Sanitation & Waste Management,Plastic & Hazardous Waste,Hybrid,Medium,Occasional,Yes,Plasma Gasification & Plastic Recycling Tech
SS00341,The administrative service for waste segregation & recycling is currently non-functional in our block.,Sanitation & Waste Management,Waste Segregation & Recycling,Government,Medium,Persistent,No,None
SS00342,"Pichle 10 din se waste segregation & recycling ka problem hai, kripya departmental staff ko inspection ke liye bheje.",Sanitation & Waste Management,Waste Segregation & Recycling,Government,High,Occasional,No,None
SS00343,हमारे पंचायत में waste segregation & recycling से संबंधित शिकायत पर कई हफ्तों से कोई कार्रवाई नहीं हुई है।,Sanitation & Waste Management,Waste Segregation & Recycling,Government,Medium,Persistent,No,None
SS00344,"waste segregation & recycling issue in ward 5, officer not taking call",Sanitation & Waste Management,Waste Segregation & Recycling,Government,Low,Occasional,No,None
SS00345,waste segregation & recycling is broken n not wrking properly plzz resolve,Sanitation & Waste Management,Waste Segregation & Recycling,Government,Medium,Occasional,No,None
SS00346,Block level grievance filed for waste segregation & recycling last month but service is still pending.,Sanitation & Waste Management,Waste Segregation & Recycling,Government,Low,One-time,No,None
SS00347,Urgent maintenance team required for waste segregation & recycling near community market place.,Sanitation & Waste Management,Waste Segregation & Recycling,Government,High,One-time,No,None
SS00348,We need an automated digital technology system for decentralized compost quality & thermal monitor to monitor this issue continuously.,Sanitation & Waste Management,Waste Segregation & Recycling,Innovation,Medium,Recurring,Yes,Decentralized Compost Quality & Thermal Monitor
SS00349,Is problem ko permanently solve karne ke liye decentralized compost quality & thermal monitor ka low-cost sensor prototype chahiye.,Sanitation & Waste Management,Waste Segregation & Recycling,Innovation,Medium,Occasional,Yes,Decentralized Compost Quality & Thermal Monitor
SS00350,नवीनतम तकनीक और decentralized compost quality & thermal monitor के माध्यम से इस समस्या का स्वचालित समाधान किया जाना चाहिए।,Sanitation & Waste Management,Waste Segregation & Recycling,Innovation,High,Recurring,Yes,Decentralized Compost Quality & Thermal Monitor
SS00351,need AI and IoT smart solution for decentralized compost quality & thermal monitor,Sanitation & Waste Management,Waste Segregation & Recycling,Innovation,Low,One-time,Yes,Decentralized Compost Quality & Thermal Monitor
SS00352,Developing an offline smart system for decentralized compost quality & thermal monitor will eliminate manual delays.,Sanitation & Waste Management,Waste Segregation & Recycling,Innovation,Medium,Occasional,Yes,Decentralized Compost Quality & Thermal Monitor
SS00353,Abhi तुरंत department emergency team bheje aur future ke liye decentralized compost quality & thermal monitor ka early warning technology setup karein.,Sanitation & Waste Management,Waste Segregation & Recycling,Hybrid,High,Recurring,Yes,Decentralized Compost Quality & Thermal Monitor
SS00354,Har monsoon/season ye issue hota hai. Immediate repair along with long-term implementation of decentralized compost quality & thermal monitor.,Sanitation & Waste Management,Waste Segregation & Recycling,Hybrid,High,Persistent,Yes,Decentralized Compost Quality & Thermal Monitor
SS00355,प्रशासन से तुरंत सहायता भेजी जाए तथा भविष्य के लिए decentralized compost quality & thermal monitor का आधुनिक डिजिटल मॉडल भी विकसित किया जाए।,Sanitation & Waste Management,Waste Segregation & Recycling,Hybrid,High,Recurring,Yes,Decentralized Compost Quality & Thermal Monitor
SS00356,urgent govt inspection today n smart AI tech for decentralized compost quality & thermal monitor for future plzz,Sanitation & Waste Management,Waste Segregation & Recycling,Hybrid,High,Recurring,Yes,Decentralized Compost Quality & Thermal Monitor
SS00357,"Immediate administrative intervention needed now, accompanied by a university research solution for decentralized compost quality & thermal monitor.",Sanitation & Waste Management,Waste Segregation & Recycling,Hybrid,Medium,Occasional,Yes,Decentralized Compost Quality & Thermal Monitor
SS00358,The administrative service for road damage & potholes is currently non-functional in our block.,Roads & Public Transport,Road Damage & Potholes,Government,Medium,Persistent,No,None
SS00359,"Pichle 10 din se road damage & potholes ka problem hai, kripya departmental staff ko inspection ke liye bheje.",Roads & Public Transport,Road Damage & Potholes,Government,High,Occasional,No,None
SS00360,हमारे पंचायत में road damage & potholes से संबंधित शिकायत पर कई हफ्तों से कोई कार्रवाई नहीं हुई है।,Roads & Public Transport,Road Damage & Potholes,Government,Medium,Persistent,No,None
SS00361,"road damage & potholes issue in ward 5, officer not taking call",Roads & Public Transport,Road Damage & Potholes,Government,Low,Occasional,No,None
SS00362,road damage & potholes is broken n not wrking properly plzz resolve,Roads & Public Transport,Road Damage & Potholes,Government,Medium,Occasional,No,None
SS00363,Block level grievance filed for road damage & potholes last month but service is still pending.,Roads & Public Transport,Road Damage & Potholes,Government,Low,One-time,No,None
SS00364,Urgent maintenance team required for road damage & potholes near community market place.,Roads & Public Transport,Road Damage & Potholes,Government,High,One-time,No,None
SS00365,We need an automated digital technology system for computer vision pothole & road quality survey to monitor this issue continuously.,Roads & Public Transport,Road Damage & Potholes,Innovation,Medium,Recurring,Yes,Computer Vision Pothole & Road Quality Survey
SS00366,Is problem ko permanently solve karne ke liye computer vision pothole & road quality survey ka low-cost sensor prototype chahiye.,Roads & Public Transport,Road Damage & Potholes,Innovation,Medium,Occasional,Yes,Computer Vision Pothole & Road Quality Survey
SS00367,नवीनतम तकनीक और computer vision pothole & road quality survey के माध्यम से इस समस्या का स्वचालित समाधान किया जाना चाहिए।,Roads & Public Transport,Road Damage & Potholes,Innovation,High,Recurring,Yes,Computer Vision Pothole & Road Quality Survey
SS00368,need AI and IoT smart solution for computer vision pothole & road quality survey,Roads & Public Transport,Road Damage & Potholes,Innovation,Low,One-time,Yes,Computer Vision Pothole & Road Quality Survey
SS00369,Developing an offline smart system for computer vision pothole & road quality survey will eliminate manual delays.,Roads & Public Transport,Road Damage & Potholes,Innovation,Medium,Occasional,Yes,Computer Vision Pothole & Road Quality Survey
SS00370,Abhi तुरंत department emergency team bheje aur future ke liye computer vision pothole & road quality survey ka early warning technology setup karein.,Roads & Public Transport,Road Damage & Potholes,Hybrid,High,Recurring,Yes,Computer Vision Pothole & Road Quality Survey
SS00371,Har monsoon/season ye issue hota hai. Immediate repair along with long-term implementation of computer vision pothole & road quality survey.,Roads & Public Transport,Road Damage & Potholes,Hybrid,High,Persistent,Yes,Computer Vision Pothole & Road Quality Survey
SS00372,प्रशासन से तुरंत सहायता भेजी जाए तथा भविष्य के लिए computer vision pothole & road quality survey का आधुनिक डिजिटल मॉडल भी विकसित किया जाए।,Roads & Public Transport,Road Damage & Potholes,Hybrid,High,Recurring,Yes,Computer Vision Pothole & Road Quality Survey
SS00373,urgent govt inspection today n smart AI tech for computer vision pothole & road quality survey for future plzz,Roads & Public Transport,Road Damage & Potholes,Hybrid,High,Recurring,Yes,Computer Vision Pothole & Road Quality Survey
SS00374,"Immediate administrative intervention needed now, accompanied by a university research solution for computer vision pothole & road quality survey.",Roads & Public Transport,Road Damage & Potholes,Hybrid,Medium,Occasional,Yes,Computer Vision Pothole & Road Quality Survey
SS00375,The administrative service for rural road connectivity is currently non-functional in our block.,Roads & Public Transport,Rural Road Connectivity,Government,Medium,Persistent,No,None
SS00376,"Pichle 10 din se rural road connectivity ka problem hai, kripya departmental staff ko inspection ke liye bheje.",Roads & Public Transport,Rural Road Connectivity,Government,High,Occasional,No,None
SS00377,हमारे पंचायत में rural road connectivity से संबंधित शिकायत पर कई हफ्तों से कोई कार्रवाई नहीं हुई है।,Roads & Public Transport,Rural Road Connectivity,Government,Medium,Persistent,No,None
SS00378,"rural road connectivity issue in ward 5, officer not taking call",Roads & Public Transport,Rural Road Connectivity,Government,Low,Occasional,No,None
SS00379,rural road connectivity is broken n not wrking properly plzz resolve,Roads & Public Transport,Rural Road Connectivity,Government,Medium,Occasional,No,None
SS00380,Block level grievance filed for rural road connectivity last month but service is still pending.,Roads & Public Transport,Rural Road Connectivity,Government,Low,One-time,No,None
SS00381,Urgent maintenance team required for rural road connectivity near community market place.,Roads & Public Transport,Rural Road Connectivity,Government,High,One-time,No,None
SS00382,We need an automated digital technology system for geospatial all-weather road route optimizer to monitor this issue continuously.,Roads & Public Transport,Rural Road Connectivity,Innovation,Medium,Recurring,Yes,Geospatial All-Weather Road Route Optimizer
SS00383,Is problem ko permanently solve karne ke liye geospatial all-weather road route optimizer ka low-cost sensor prototype chahiye.,Roads & Public Transport,Rural Road Connectivity,Innovation,Medium,Occasional,Yes,Geospatial All-Weather Road Route Optimizer
SS00384,नवीनतम तकनीक और geospatial all-weather road route optimizer के माध्यम से इस समस्या का स्वचालित समाधान किया जाना चाहिए।,Roads & Public Transport,Rural Road Connectivity,Innovation,High,Recurring,Yes,Geospatial All-Weather Road Route Optimizer
SS00385,need AI and IoT smart solution for geospatial all-weather road route optimizer,Roads & Public Transport,Rural Road Connectivity,Innovation,Low,One-time,Yes,Geospatial All-Weather Road Route Optimizer
SS00386,Developing an offline smart system for geospatial all-weather road route optimizer will eliminate manual delays.,Roads & Public Transport,Rural Road Connectivity,Innovation,Medium,Occasional,Yes,Geospatial All-Weather Road Route Optimizer
SS00387,Abhi तुरंत department emergency team bheje aur future ke liye geospatial all-weather road route optimizer ka early warning technology setup karein.,Roads & Public Transport,Rural Road Connectivity,Hybrid,High,Recurring,Yes,Geospatial All-Weather Road Route Optimizer
SS00388,Har monsoon/season ye issue hota hai. Immediate repair along with long-term implementation of geospatial all-weather road route optimizer.,Roads & Public Transport,Rural Road Connectivity,Hybrid,High,Persistent,Yes,Geospatial All-Weather Road Route Optimizer
SS00389,प्रशासन से तुरंत सहायता भेजी जाए तथा भविष्य के लिए geospatial all-weather road route optimizer का आधुनिक डिजिटल मॉडल भी विकसित किया जाए।,Roads & Public Transport,Rural Road Connectivity,Hybrid,High,Recurring,Yes,Geospatial All-Weather Road Route Optimizer
SS00390,urgent govt inspection today n smart AI tech for geospatial all-weather road route optimizer for future plzz,Roads & Public Transport,Rural Road Connectivity,Hybrid,High,Recurring,Yes,Geospatial All-Weather Road Route Optimizer
SS00391,"Immediate administrative intervention needed now, accompanied by a university research solution for geospatial all-weather road route optimizer.",Roads & Public Transport,Rural Road Connectivity,Hybrid,Medium,Occasional,Yes,Geospatial All-Weather Road Route Optimizer
SS00392,The administrative service for street lighting is currently non-functional in our block.,Roads & Public Transport,Street Lighting,Government,Medium,Persistent,No,None
SS00393,"Pichle 10 din se street lighting ka problem hai, kripya departmental staff ko inspection ke liye bheje.",Roads & Public Transport,Street Lighting,Government,High,Occasional,No,None
SS00394,हमारे पंचायत में street lighting से संबंधित शिकायत पर कई हफ्तों से कोई कार्रवाई नहीं हुई है।,Roads & Public Transport,Street Lighting,Government,Medium,Persistent,No,None
SS00395,"street lighting issue in ward 5, officer not taking call",Roads & Public Transport,Street Lighting,Government,Low,Occasional,No,None
SS00396,street lighting is broken n not wrking properly plzz resolve,Roads & Public Transport,Street Lighting,Government,Medium,Occasional,No,None
SS00397,Block level grievance filed for street lighting last month but service is still pending.,Roads & Public Transport,Street Lighting,Government,Low,One-time,No,None
SS00398,Urgent maintenance team required for street lighting near community market place.,Roads & Public Transport,Street Lighting,Government,High,One-time,No,None
SS00399,We need an automated digital technology system for smart motion-adaptive solar streetlights to monitor this issue continuously.,Roads & Public Transport,Street Lighting,Innovation,Medium,Recurring,Yes,Smart Motion-Adaptive Solar Streetlights
SS00400,Is problem ko permanently solve karne ke liye smart motion-adaptive solar streetlights ka low-cost sensor prototype chahiye.,Roads & Public Transport,Street Lighting,Innovation,Medium,Occasional,Yes,Smart Motion-Adaptive Solar Streetlights
SS00401,नवीनतम तकनीक और smart motion-adaptive solar streetlights के माध्यम से इस समस्या का स्वचालित समाधान किया जाना चाहिए।,Roads & Public Transport,Street Lighting,Innovation,High,Recurring,Yes,Smart Motion-Adaptive Solar Streetlights
SS00402,need AI and IoT smart solution for smart motion-adaptive solar streetlights,Roads & Public Transport,Street Lighting,Innovation,Low,One-time,Yes,Smart Motion-Adaptive Solar Streetlights
SS00403,Developing an offline smart system for smart motion-adaptive solar streetlights will eliminate manual delays.,Roads & Public Transport,Street Lighting,Innovation,Medium,Occasional,Yes,Smart Motion-Adaptive Solar Streetlights
SS00404,Abhi तुरंत department emergency team bheje aur future ke liye smart motion-adaptive solar streetlights ka early warning technology setup karein.,Roads & Public Transport,Street Lighting,Hybrid,High,Recurring,Yes,Smart Motion-Adaptive Solar Streetlights
SS00405,Har monsoon/season ye issue hota hai. Immediate repair along with long-term implementation of smart motion-adaptive solar streetlights.,Roads & Public Transport,Street Lighting,Hybrid,High,Persistent,Yes,Smart Motion-Adaptive Solar Streetlights
SS00406,प्रशासन से तुरंत सहायता भेजी जाए तथा भविष्य के लिए smart motion-adaptive solar streetlights का आधुनिक डिजिटल मॉडल भी विकसित किया जाए।,Roads & Public Transport,Street Lighting,Hybrid,High,Recurring,Yes,Smart Motion-Adaptive Solar Streetlights
SS00407,urgent govt inspection today n smart AI tech for smart motion-adaptive solar streetlights for future plzz,Roads & Public Transport,Street Lighting,Hybrid,High,Recurring,Yes,Smart Motion-Adaptive Solar Streetlights
SS00408,"Immediate administrative intervention needed now, accompanied by a university research solution for smart motion-adaptive solar streetlights.",Roads & Public Transport,Street Lighting,Hybrid,Medium,Occasional,Yes,Smart Motion-Adaptive Solar Streetlights
SS00409,The administrative service for public transport availability is currently non-functional in our block.,Roads & Public Transport,Public Transport Availability,Government,Medium,Persistent,No,None
SS00410,"Pichle 10 din se public transport availability ka problem hai, kripya departmental staff ko inspection ke liye bheje.",Roads & Public Transport,Public Transport Availability,Government,High,Occasional,No,None
SS00411,हमारे पंचायत में public transport availability से संबंधित शिकायत पर कई हफ्तों से कोई कार्रवाई नहीं हुई है।,Roads & Public Transport,Public Transport Availability,Government,Medium,Persistent,No,None
SS00412,"public transport availability issue in ward 5, officer not taking call",Roads & Public Transport,Public Transport Availability,Government,Low,Occasional,No,None
SS00413,public transport availability is broken n not wrking properly plzz resolve,Roads & Public Transport,Public Transport Availability,Government,Medium,Occasional,No,None
SS00414,Block level grievance filed for public transport availability last month but service is still pending.,Roads & Public Transport,Public Transport Availability,Government,Low,One-time,No,None
SS00415,Urgent maintenance team required for public transport availability near community market place.,Roads & Public Transport,Public Transport Availability,Government,High,One-time,No,None
SS00416,We need an automated digital technology system for gps fleet tracking & rural bus eta system to monitor this issue continuously.,Roads & Public Transport,Public Transport Availability,Innovation,Medium,Recurring,Yes,GPS Fleet Tracking & Rural Bus ETA System
SS00417,Is problem ko permanently solve karne ke liye gps fleet tracking & rural bus eta system ka low-cost sensor prototype chahiye.,Roads & Public Transport,Public Transport Availability,Innovation,Medium,Occasional,Yes,GPS Fleet Tracking & Rural Bus ETA System
SS00418,नवीनतम तकनीक और gps fleet tracking & rural bus eta system के माध्यम से इस समस्या का स्वचालित समाधान किया जाना चाहिए।,Roads & Public Transport,Public Transport Availability,Innovation,High,Recurring,Yes,GPS Fleet Tracking & Rural Bus ETA System
SS00419,need AI and IoT smart solution for gps fleet tracking & rural bus eta system,Roads & Public Transport,Public Transport Availability,Innovation,Low,One-time,Yes,GPS Fleet Tracking & Rural Bus ETA System
SS00420,Developing an offline smart system for gps fleet tracking & rural bus eta system will eliminate manual delays.,Roads & Public Transport,Public Transport Availability,Innovation,Medium,Occasional,Yes,GPS Fleet Tracking & Rural Bus ETA System
SS00421,Abhi तुरंत department emergency team bheje aur future ke liye gps fleet tracking & rural bus eta system ka early warning technology setup karein.,Roads & Public Transport,Public Transport Availability,Hybrid,High,Recurring,Yes,GPS Fleet Tracking & Rural Bus ETA System
SS00422,Har monsoon/season ye issue hota hai. Immediate repair along with long-term implementation of gps fleet tracking & rural bus eta system.,Roads & Public Transport,Public Transport Availability,Hybrid,High,Persistent,Yes,GPS Fleet Tracking & Rural Bus ETA System
SS00423,प्रशासन से तुरंत सहायता भेजी जाए तथा भविष्य के लिए gps fleet tracking & rural bus eta system का आधुनिक डिजिटल मॉडल भी विकसित किया जाए।,Roads & Public Transport,Public Transport Availability,Hybrid,High,Recurring,Yes,GPS Fleet Tracking & Rural Bus ETA System
SS00424,urgent govt inspection today n smart AI tech for gps fleet tracking & rural bus eta system for future plzz,Roads & Public Transport,Public Transport Availability,Hybrid,High,Recurring,Yes,GPS Fleet Tracking & Rural Bus ETA System
SS00425,"Immediate administrative intervention needed now, accompanied by a university research solution for gps fleet tracking & rural bus eta system.",Roads & Public Transport,Public Transport Availability,Hybrid,Medium,Occasional,Yes,GPS Fleet Tracking & Rural Bus ETA System
SS00426,The administrative service for bus stop & transit facilities is currently non-functional in our block.,Roads & Public Transport,Bus Stop & Transit Facilities,Government,Medium,Persistent,No,None
SS00427,"Pichle 10 din se bus stop & transit facilities ka problem hai, kripya departmental staff ko inspection ke liye bheje.",Roads & Public Transport,Bus Stop & Transit Facilities,Government,High,Occasional,No,None
SS00428,हमारे पंचायत में bus stop & transit facilities से संबंधित शिकायत पर कई हफ्तों से कोई कार्रवाई नहीं हुई है।,Roads & Public Transport,Bus Stop & Transit Facilities,Government,Medium,Persistent,No,None
SS00429,"bus stop & transit facilities issue in ward 5, officer not taking call",Roads & Public Transport,Bus Stop & Transit Facilities,Government,Low,Occasional,No,None
SS00430,bus stop & transit facilities is broken n not wrking properly plzz resolve,Roads & Public Transport,Bus Stop & Transit Facilities,Government,Medium,Occasional,No,None
SS00431,Block level grievance filed for bus stop & transit facilities last month but service is still pending.,Roads & Public Transport,Bus Stop & Transit Facilities,Government,Low,One-time,No,None
SS00432,Urgent maintenance team required for bus stop & transit facilities near community market place.,Roads & Public Transport,Bus Stop & Transit Facilities,Government,High,One-time,No,None
SS00433,We need an automated digital technology system for solar smart transit shelters with live display to monitor this issue continuously.,Roads & Public Transport,Bus Stop & Transit Facilities,Innovation,Medium,Recurring,Yes,Solar Smart Transit Shelters with Live Display
SS00434,Is problem ko permanently solve karne ke liye solar smart transit shelters with live display ka low-cost sensor prototype chahiye.,Roads & Public Transport,Bus Stop & Transit Facilities,Innovation,Medium,Occasional,Yes,Solar Smart Transit Shelters with Live Display
SS00435,नवीनतम तकनीक और solar smart transit shelters with live display के माध्यम से इस समस्या का स्वचालित समाधान किया जाना चाहिए।,Roads & Public Transport,Bus Stop & Transit Facilities,Innovation,High,Recurring,Yes,Solar Smart Transit Shelters with Live Display
SS00436,need AI and IoT smart solution for solar smart transit shelters with live display,Roads & Public Transport,Bus Stop & Transit Facilities,Innovation,Low,One-time,Yes,Solar Smart Transit Shelters with Live Display
SS00437,Developing an offline smart system for solar smart transit shelters with live display will eliminate manual delays.,Roads & Public Transport,Bus Stop & Transit Facilities,Innovation,Medium,Occasional,Yes,Solar Smart Transit Shelters with Live Display
SS00438,Abhi तुरंत department emergency team bheje aur future ke liye solar smart transit shelters with live display ka early warning technology setup karein.,Roads & Public Transport,Bus Stop & Transit Facilities,Hybrid,High,Recurring,Yes,Solar Smart Transit Shelters with Live Display
SS00439,Har monsoon/season ye issue hota hai. Immediate repair along with long-term implementation of solar smart transit shelters with live display.,Roads & Public Transport,Bus Stop & Transit Facilities,Hybrid,High,Persistent,Yes,Solar Smart Transit Shelters with Live Display
SS00440,प्रशासन से तुरंत सहायता भेजी जाए तथा भविष्य के लिए solar smart transit shelters with live display का आधुनिक डिजिटल मॉडल भी विकसित किया जाए।,Roads & Public Transport,Bus Stop & Transit Facilities,Hybrid,High,Recurring,Yes,Solar Smart Transit Shelters with Live Display
SS00441,urgent govt inspection today n smart AI tech for solar smart transit shelters with live display for future plzz,Roads & Public Transport,Bus Stop & Transit Facilities,Hybrid,High,Recurring,Yes,Solar Smart Transit Shelters with Live Display
SS00442,"Immediate administrative intervention needed now, accompanied by a university research solution for solar smart transit shelters with live display.",Roads & Public Transport,Bus Stop & Transit Facilities,Hybrid,Medium,Occasional,Yes,Solar Smart Transit Shelters with Live Display
SS00443,The administrative service for traffic management is currently non-functional in our block.,Roads & Public Transport,Traffic Management,Government,Medium,Persistent,No,None
SS00444,"Pichle 10 din se traffic management ka problem hai, kripya departmental staff ko inspection ke liye bheje.",Roads & Public Transport,Traffic Management,Government,High,Occasional,No,None
SS00445,हमारे पंचायत में traffic management से संबंधित शिकायत पर कई हफ्तों से कोई कार्रवाई नहीं हुई है।,Roads & Public Transport,Traffic Management,Government,Medium,Persistent,No,None
SS00446,"traffic management issue in ward 5, officer not taking call",Roads & Public Transport,Traffic Management,Government,Low,Occasional,No,None
SS00447,traffic management is broken n not wrking properly plzz resolve,Roads & Public Transport,Traffic Management,Government,Medium,Occasional,No,None
SS00448,Block level grievance filed for traffic management last month but service is still pending.,Roads & Public Transport,Traffic Management,Government,Low,One-time,No,None
SS00449,Urgent maintenance team required for traffic management near community market place.,Roads & Public Transport,Traffic Management,Government,High,One-time,No,None
SS00450,We need an automated digital technology system for adaptive traffic signal control & vision systems to monitor this issue continuously.,Roads & Public Transport,Traffic Management,Innovation,Medium,Recurring,Yes,Adaptive Traffic Signal Control & Vision Systems
SS00451,Is problem ko permanently solve karne ke liye adaptive traffic signal control & vision systems ka low-cost sensor prototype chahiye.,Roads & Public Transport,Traffic Management,Innovation,Medium,Occasional,Yes,Adaptive Traffic Signal Control & Vision Systems
SS00452,नवीनतम तकनीक और adaptive traffic signal control & vision systems के माध्यम से इस समस्या का स्वचालित समाधान किया जाना चाहिए।,Roads & Public Transport,Traffic Management,Innovation,High,Recurring,Yes,Adaptive Traffic Signal Control & Vision Systems
SS00453,need AI and IoT smart solution for adaptive traffic signal control & vision systems,Roads & Public Transport,Traffic Management,Innovation,Low,One-time,Yes,Adaptive Traffic Signal Control & Vision Systems
SS00454,Developing an offline smart system for adaptive traffic signal control & vision systems will eliminate manual delays.,Roads & Public Transport,Traffic Management,Innovation,Medium,Occasional,Yes,Adaptive Traffic Signal Control & Vision Systems
SS00455,Abhi तुरंत department emergency team bheje aur future ke liye adaptive traffic signal control & vision systems ka early warning technology setup karein.,Roads & Public Transport,Traffic Management,Hybrid,High,Recurring,Yes,Adaptive Traffic Signal Control & Vision Systems
SS00456,Har monsoon/season ye issue hota hai. Immediate repair along with long-term implementation of adaptive traffic signal control & vision systems.,Roads & Public Transport,Traffic Management,Hybrid,High,Persistent,Yes,Adaptive Traffic Signal Control & Vision Systems
SS00457,प्रशासन से तुरंत सहायता भेजी जाए तथा भविष्य के लिए adaptive traffic signal control & vision systems का आधुनिक डिजिटल मॉडल भी विकसित किया जाए।,Roads & Public Transport,Traffic Management,Hybrid,High,Recurring,Yes,Adaptive Traffic Signal Control & Vision Systems
SS00458,urgent govt inspection today n smart AI tech for adaptive traffic signal control & vision systems for future plzz,Roads & Public Transport,Traffic Management,Hybrid,High,Recurring,Yes,Adaptive Traffic Signal Control & Vision Systems
SS00459,"Immediate administrative intervention needed now, accompanied by a university research solution for adaptive traffic signal control & vision systems.",Roads & Public Transport,Traffic Management,Hybrid,Medium,Occasional,Yes,Adaptive Traffic Signal Control & Vision Systems
SS00460,The administrative service for pedestrian & road infrastructure is currently non-functional in our block.,Roads & Public Transport,Pedestrian & Road Infrastructure,Government,Medium,Persistent,No,None
SS00461,"Pichle 10 din se pedestrian & road infrastructure ka problem hai, kripya departmental staff ko inspection ke liye bheje.",Roads & Public Transport,Pedestrian & Road Infrastructure,Government,High,Occasional,No,None
SS00462,हमारे पंचायत में pedestrian & road infrastructure से संबंधित शिकायत पर कई हफ्तों से कोई कार्रवाई नहीं हुई है।,Roads & Public Transport,Pedestrian & Road Infrastructure,Government,Medium,Persistent,No,None
SS00463,"pedestrian & road infrastructure issue in ward 5, officer not taking call",Roads & Public Transport,Pedestrian & Road Infrastructure,Government,Low,Occasional,No,None
SS00464,pedestrian & road infrastructure is broken n not wrking properly plzz resolve,Roads & Public Transport,Pedestrian & Road Infrastructure,Government,Medium,Occasional,No,None
SS00465,Block level grievance filed for pedestrian & road infrastructure last month but service is still pending.,Roads & Public Transport,Pedestrian & Road Infrastructure,Government,Low,One-time,No,None
SS00466,Urgent maintenance team required for pedestrian & road infrastructure near community market place.,Roads & Public Transport,Pedestrian & Road Infrastructure,Government,High,One-time,No,None
SS00467,We need an automated digital technology system for ai thermal pedestrian safety crossing systems to monitor this issue continuously.,Roads & Public Transport,Pedestrian & Road Infrastructure,Innovation,Medium,Recurring,Yes,AI Thermal Pedestrian Safety Crossing Systems
SS00468,Is problem ko permanently solve karne ke liye ai thermal pedestrian safety crossing systems ka low-cost sensor prototype chahiye.,Roads & Public Transport,Pedestrian & Road Infrastructure,Innovation,Medium,Occasional,Yes,AI Thermal Pedestrian Safety Crossing Systems
SS00469,नवीनतम तकनीक और ai thermal pedestrian safety crossing systems के माध्यम से इस समस्या का स्वचालित समाधान किया जाना चाहिए।,Roads & Public Transport,Pedestrian & Road Infrastructure,Innovation,High,Recurring,Yes,AI Thermal Pedestrian Safety Crossing Systems
SS00470,need AI and IoT smart solution for ai thermal pedestrian safety crossing systems,Roads & Public Transport,Pedestrian & Road Infrastructure,Innovation,Low,One-time,Yes,AI Thermal Pedestrian Safety Crossing Systems
SS00471,Developing an offline smart system for ai thermal pedestrian safety crossing systems will eliminate manual delays.,Roads & Public Transport,Pedestrian & Road Infrastructure,Innovation,Medium,Occasional,Yes,AI Thermal Pedestrian Safety Crossing Systems
SS00472,Abhi तुरंत department emergency team bheje aur future ke liye ai thermal pedestrian safety crossing systems ka early warning technology setup karein.,Roads & Public Transport,Pedestrian & Road Infrastructure,Hybrid,High,Recurring,Yes,AI Thermal Pedestrian Safety Crossing Systems
SS00473,Har monsoon/season ye issue hota hai. Immediate repair along with long-term implementation of ai thermal pedestrian safety crossing systems.,Roads & Public Transport,Pedestrian & Road Infrastructure,Hybrid,High,Persistent,Yes,AI Thermal Pedestrian Safety Crossing Systems
SS00474,प्रशासन से तुरंत सहायता भेजी जाए तथा भविष्य के लिए ai thermal pedestrian safety crossing systems का आधुनिक डिजिटल मॉडल भी विकसित किया जाए।,Roads & Public Transport,Pedestrian & Road Infrastructure,Hybrid,High,Recurring,Yes,AI Thermal Pedestrian Safety Crossing Systems
SS00475,urgent govt inspection today n smart AI tech for ai thermal pedestrian safety crossing systems for future plzz,Roads & Public Transport,Pedestrian & Road Infrastructure,Hybrid,High,Recurring,Yes,AI Thermal Pedestrian Safety Crossing Systems
SS00476,"Immediate administrative intervention needed now, accompanied by a university research solution for ai thermal pedestrian safety crossing systems.",Roads & Public Transport,Pedestrian & Road Infrastructure,Hybrid,Medium,Occasional,Yes,AI Thermal Pedestrian Safety Crossing Systems
SS00477,The administrative service for fire safety is currently non-functional in our block.,Public Safety & Emergency Management,Fire Safety,Government,Medium,Persistent,No,None
SS00478,"Pichle 10 din se fire safety ka problem hai, kripya departmental staff ko inspection ke liye bheje.",Public Safety & Emergency Management,Fire Safety,Government,High,Occasional,No,None
SS00479,हमारे पंचायत में fire safety से संबंधित शिकायत पर कई हफ्तों से कोई कार्रवाई नहीं हुई है।,Public Safety & Emergency Management,Fire Safety,Government,Medium,Persistent,No,None
SS00480,"fire safety issue in ward 5, officer not taking call",Public Safety & Emergency Management,Fire Safety,Government,Low,Occasional,No,None
SS00481,fire safety is broken n not wrking properly plzz resolve,Public Safety & Emergency Management,Fire Safety,Government,Medium,Occasional,No,None
SS00482,Block level grievance filed for fire safety last month but service is still pending.,Public Safety & Emergency Management,Fire Safety,Government,Low,One-time,No,None
SS00483,Urgent maintenance team required for fire safety near community market place.,Public Safety & Emergency Management,Fire Safety,Government,High,One-time,No,None
SS00484,We need an automated digital technology system for thermal drone fire detection & risk mapping to monitor this issue continuously.,Public Safety & Emergency Management,Fire Safety,Innovation,Medium,Recurring,Yes,Thermal Drone Fire Detection & Risk Mapping
SS00485,Is problem ko permanently solve karne ke liye thermal drone fire detection & risk mapping ka low-cost sensor prototype chahiye.,Public Safety & Emergency Management,Fire Safety,Innovation,Medium,Occasional,Yes,Thermal Drone Fire Detection & Risk Mapping
SS00486,नवीनतम तकनीक और thermal drone fire detection & risk mapping के माध्यम से इस समस्या का स्वचालित समाधान किया जाना चाहिए।,Public Safety & Emergency Management,Fire Safety,Innovation,High,Recurring,Yes,Thermal Drone Fire Detection & Risk Mapping
SS00487,need AI and IoT smart solution for thermal drone fire detection & risk mapping,Public Safety & Emergency Management,Fire Safety,Innovation,Low,One-time,Yes,Thermal Drone Fire Detection & Risk Mapping
SS00488,Developing an offline smart system for thermal drone fire detection & risk mapping will eliminate manual delays.,Public Safety & Emergency Management,Fire Safety,Innovation,Medium,Occasional,Yes,Thermal Drone Fire Detection & Risk Mapping
SS00489,Abhi तुरंत department emergency team bheje aur future ke liye thermal drone fire detection & risk mapping ka early warning technology setup karein.,Public Safety & Emergency Management,Fire Safety,Hybrid,High,Recurring,Yes,Thermal Drone Fire Detection & Risk Mapping
SS00490,Har monsoon/season ye issue hota hai. Immediate repair along with long-term implementation of thermal drone fire detection & risk mapping.,Public Safety & Emergency Management,Fire Safety,Hybrid,Critical,Persistent,Yes,Thermal Drone Fire Detection & Risk Mapping
SS00491,प्रशासन से तुरंत सहायता भेजी जाए तथा भविष्य के लिए thermal drone fire detection & risk mapping का आधुनिक डिजिटल मॉडल भी विकसित किया जाए।,Public Safety & Emergency Management,Fire Safety,Hybrid,High,Recurring,Yes,Thermal Drone Fire Detection & Risk Mapping
SS00492,urgent govt inspection today n smart AI tech for thermal drone fire detection & risk mapping for future plzz,Public Safety & Emergency Management,Fire Safety,Hybrid,High,Recurring,Yes,Thermal Drone Fire Detection & Risk Mapping
SS00493,"Immediate administrative intervention needed now, accompanied by a university research solution for thermal drone fire detection & risk mapping.",Public Safety & Emergency Management,Fire Safety,Hybrid,Medium,Occasional,Yes,Thermal Drone Fire Detection & Risk Mapping
SS00494,"Har monsoon gaon me pani ghar tak aa jata hai, drainage clean karwaye aur relief team bheje.",Public Safety & Emergency Management,Flood & Waterlogging,Government,High,Recurring,No,None
SS00495,"Rainwater logging 3 feet deep in sub-way underpass, water pumping machine needed.",Public Safety & Emergency Management,Flood & Waterlogging,Government,High,One-time,No,None
SS00496,"River bank embankment breach threat near village colony, urgent sandbags required.",Public Safety & Emergency Management,Flood & Waterlogging,Government,Critical,One-time,No,None
SS00497,"waterlogging in street, drain choked overflow everywhere",Public Safety & Emergency Management,Flood & Waterlogging,Government,Medium,Occasional,No,None
SS00498,"भारी बारिश से मोहल्ले में जलभराव हो गया है, नगर निगम पंप लगाकर पानी निकाले।",Public Safety & Emergency Management,Flood & Waterlogging,Government,High,Occasional,No,None
SS00499,Stormwater drain clogged with plastic debris causing house flooding.,Public Safety & Emergency Management,Flood & Waterlogging,Government,High,Occasional,No,None
SS00500,Village culvert overflowed submerging connecting rural road.,Public Safety & Emergency Management,Flood & Waterlogging,Government,High,Occasional,No,None
SS00501,IoT water level sensor network along river stream to predict flood 6 hours in advance.,Public Safety & Emergency Management,Flood & Waterlogging,Innovation,High,Occasional,Yes,IoT River Water Level & Flood Prediction System
SS00502,AI hydrodynamic flood inundation forecasting model based on rainfall radar.,Public Safety & Emergency Management,Flood & Waterlogging,Innovation,High,Recurring,Yes,IoT River Water Level & Flood Prediction System
SS00503,Ultrasonic water depth sensing node for automatic early warning flood sirens.,Public Safety & Emergency Management,Flood & Waterlogging,Innovation,Medium,Occasional,Yes,IoT River Water Level & Flood Prediction System
SS00504,IoT sensors for river water level monitoring n flood prediction alert,Public Safety & Emergency Management,Flood & Waterlogging,Innovation,Medium,Occasional,Yes,IoT River Water Level & Flood Prediction System
SS00505,नदी के जलस्तर की वास्तविक समय पर निगरानी के लिए आईओटी बाढ़ चेतावनी प्रणाली बने।,Public Safety & Emergency Management,Flood & Waterlogging,Innovation,High,Occasional,Yes,IoT River Water Level & Flood Prediction System
SS00506,Har monsoon pani ghar me ghus jata hai. Abhi drainage aur government help chahiye aur future me flood warning system hona chahiye.,Public Safety & Emergency Management,Flood & Waterlogging,Hybrid,High,Recurring,Yes,IoT River Water Level & Flood Prediction System
SS00507,Flood water entering houses: dispatch rescue boats now and install IoT river water level sensors.,Public Safety & Emergency Management,Flood & Waterlogging,Hybrid,Critical,Recurring,Yes,IoT River Water Level & Flood Prediction System
SS00508,Pani bhar gya h. Abhi pump lagakar pani nikalo aur future ke liye flood prediction sensor lagaye.,Public Safety & Emergency Management,Flood & Waterlogging,Hybrid,Critical,Recurring,Yes,IoT River Water Level & Flood Prediction System
SS00509,"drainage clearing n rescue help urgent today, deploy flood early warning sensor system",Public Safety & Emergency Management,Flood & Waterlogging,Hybrid,Critical,Recurring,Yes,IoT River Water Level & Flood Prediction System
SS00510,बाढ़ प्रभावित क्षेत्र में तत्काल राहत दल पहुंचे तथा भविष्य हेतु नदी जलस्तर पूर्व चेतावनी प्रणाली लगे।,Public Safety & Emergency Management,Flood & Waterlogging,Hybrid,Critical,Recurring,Yes,IoT River Water Level & Flood Prediction System
SS00511,The administrative service for accident-prone locations is currently non-functional in our block.,Public Safety & Emergency Management,Accident-Prone Locations,Government,Medium,Persistent,No,None
SS00512,"Pichle 10 din se accident-prone locations ka problem hai, kripya departmental staff ko inspection ke liye bheje.",Public Safety & Emergency Management,Accident-Prone Locations,Government,High,Occasional,No,None
SS00513,हमारे पंचायत में accident-prone locations से संबंधित शिकायत पर कई हफ्तों से कोई कार्रवाई नहीं हुई है।,Public Safety & Emergency Management,Accident-Prone Locations,Government,Medium,Persistent,No,None
SS00514,"accident-prone locations issue in ward 5, officer not taking call",Public Safety & Emergency Management,Accident-Prone Locations,Government,Low,Occasional,No,None
SS00515,accident-prone locations is broken n not wrking properly plzz resolve,Public Safety & Emergency Management,Accident-Prone Locations,Government,Medium,Occasional,No,None
SS00516,Block level grievance filed for accident-prone locations last month but service is still pending.,Public Safety & Emergency Management,Accident-Prone Locations,Government,Low,One-time,No,None
SS00517,Urgent maintenance team required for accident-prone locations near community market place.,Public Safety & Emergency Management,Accident-Prone Locations,Government,High,One-time,No,None
SS00518,We need an automated digital technology system for blackspot analytics & lidar crash warning to monitor this issue continuously.,Public Safety & Emergency Management,Accident-Prone Locations,Innovation,Medium,Recurring,Yes,Blackspot Analytics & LiDAR Crash Warning
SS00519,Is problem ko permanently solve karne ke liye blackspot analytics & lidar crash warning ka low-cost sensor prototype chahiye.,Public Safety & Emergency Management,Accident-Prone Locations,Innovation,Medium,Occasional,Yes,Blackspot Analytics & LiDAR Crash Warning
SS00520,नवीनतम तकनीक और blackspot analytics & lidar crash warning के माध्यम से इस समस्या का स्वचालित समाधान किया जाना चाहिए।,Public Safety & Emergency Management,Accident-Prone Locations,Innovation,High,Recurring,Yes,Blackspot Analytics & LiDAR Crash Warning
SS00521,need AI and IoT smart solution for blackspot analytics & lidar crash warning,Public Safety & Emergency Management,Accident-Prone Locations,Innovation,Low,One-time,Yes,Blackspot Analytics & LiDAR Crash Warning
SS00522,Developing an offline smart system for blackspot analytics & lidar crash warning will eliminate manual delays.,Public Safety & Emergency Management,Accident-Prone Locations,Innovation,Medium,Occasional,Yes,Blackspot Analytics & LiDAR Crash Warning
SS00523,Abhi तुरंत department emergency team bheje aur future ke liye blackspot analytics & lidar crash warning ka early warning technology setup karein.,Public Safety & Emergency Management,Accident-Prone Locations,Hybrid,High,Recurring,Yes,Blackspot Analytics & LiDAR Crash Warning
SS00524,Har monsoon/season ye issue hota hai. Immediate repair along with long-term implementation of blackspot analytics & lidar crash warning.,Public Safety & Emergency Management,Accident-Prone Locations,Hybrid,Critical,Persistent,Yes,Blackspot Analytics & LiDAR Crash Warning
SS00525,प्रशासन से तुरंत सहायता भेजी जाए तथा भविष्य के लिए blackspot analytics & lidar crash warning का आधुनिक डिजिटल मॉडल भी विकसित किया जाए।,Public Safety & Emergency Management,Accident-Prone Locations,Hybrid,High,Recurring,Yes,Blackspot Analytics & LiDAR Crash Warning
SS00526,urgent govt inspection today n smart AI tech for blackspot analytics & lidar crash warning for future plzz,Public Safety & Emergency Management,Accident-Prone Locations,Hybrid,High,Recurring,Yes,Blackspot Analytics & LiDAR Crash Warning
SS00527,"Immediate administrative intervention needed now, accompanied by a university research solution for blackspot analytics & lidar crash warning.",Public Safety & Emergency Management,Accident-Prone Locations,Hybrid,Medium,Occasional,Yes,Blackspot Analytics & LiDAR Crash Warning
SS00528,The administrative service for disaster warning & preparedness is currently non-functional in our block.,Public Safety & Emergency Management,Disaster Warning & Preparedness,Government,Medium,Persistent,No,None
SS00529,"Pichle 10 din se disaster warning & preparedness ka problem hai, kripya departmental staff ko inspection ke liye bheje.",Public Safety & Emergency Management,Disaster Warning & Preparedness,Government,High,Occasional,No,None
SS00530,हमारे पंचायत में disaster warning & preparedness से संबंधित शिकायत पर कई हफ्तों से कोई कार्रवाई नहीं हुई है।,Public Safety & Emergency Management,Disaster Warning & Preparedness,Government,Medium,Persistent,No,None
SS00531,"disaster warning & preparedness issue in ward 5, officer not taking call",Public Safety & Emergency Management,Disaster Warning & Preparedness,Government,Low,Occasional,No,None
SS00532,disaster warning & preparedness is broken n not wrking properly plzz resolve,Public Safety & Emergency Management,Disaster Warning & Preparedness,Government,Medium,Occasional,No,None
SS00533,Block level grievance filed for disaster warning & preparedness last month but service is still pending.,Public Safety & Emergency Management,Disaster Warning & Preparedness,Government,Low,One-time,No,None
SS00534,Urgent maintenance team required for disaster warning & preparedness near community market place.,Public Safety & Emergency Management,Disaster Warning & Preparedness,Government,High,One-time,No,None
SS00535,We need an automated digital technology system for multilingual community early siren network to monitor this issue continuously.,Public Safety & Emergency Management,Disaster Warning & Preparedness,Innovation,Medium,Recurring,Yes,Multilingual Community Early Siren Network
SS00536,Is problem ko permanently solve karne ke liye multilingual community early siren network ka low-cost sensor prototype chahiye.,Public Safety & Emergency Management,Disaster Warning & Preparedness,Innovation,Medium,Occasional,Yes,Multilingual Community Early Siren Network
SS00537,नवीनतम तकनीक और multilingual community early siren network के माध्यम से इस समस्या का स्वचालित समाधान किया जाना चाहिए।,Public Safety & Emergency Management,Disaster Warning & Preparedness,Innovation,High,Recurring,Yes,Multilingual Community Early Siren Network
SS00538,need AI and IoT smart solution for multilingual community early siren network,Public Safety & Emergency Management,Disaster Warning & Preparedness,Innovation,Low,One-time,Yes,Multilingual Community Early Siren Network
SS00539,Developing an offline smart system for multilingual community early siren network will eliminate manual delays.,Public Safety & Emergency Management,Disaster Warning & Preparedness,Innovation,Medium,Occasional,Yes,Multilingual Community Early Siren Network
SS00540,Abhi तुरंत department emergency team bheje aur future ke liye multilingual community early siren network ka early warning technology setup karein.,Public Safety & Emergency Management,Disaster Warning & Preparedness,Hybrid,High,Recurring,Yes,Multilingual Community Early Siren Network
SS00541,Har monsoon/season ye issue hota hai. Immediate repair along with long-term implementation of multilingual community early siren network.,Public Safety & Emergency Management,Disaster Warning & Preparedness,Hybrid,Critical,Persistent,Yes,Multilingual Community Early Siren Network
SS00542,प्रशासन से तुरंत सहायता भेजी जाए तथा भविष्य के लिए multilingual community early siren network का आधुनिक डिजिटल मॉडल भी विकसित किया जाए।,Public Safety & Emergency Management,Disaster Warning & Preparedness,Hybrid,High,Recurring,Yes,Multilingual Community Early Siren Network
SS00543,urgent govt inspection today n smart AI tech for multilingual community early siren network for future plzz,Public Safety & Emergency Management,Disaster Warning & Preparedness,Hybrid,High,Recurring,Yes,Multilingual Community Early Siren Network
SS00544,"Immediate administrative intervention needed now, accompanied by a university research solution for multilingual community early siren network.",Public Safety & Emergency Management,Disaster Warning & Preparedness,Hybrid,Medium,Occasional,Yes,Multilingual Community Early Siren Network
SS00545,The administrative service for street/public area safety is currently non-functional in our block.,Public Safety & Emergency Management,Street/Public Area Safety,Government,Medium,Persistent,No,None
SS00546,"Pichle 10 din se street/public area safety ka problem hai, kripya departmental staff ko inspection ke liye bheje.",Public Safety & Emergency Management,Street/Public Area Safety,Government,High,Occasional,No,None
SS00547,हमारे पंचायत में street/public area safety से संबंधित शिकायत पर कई हफ्तों से कोई कार्रवाई नहीं हुई है।,Public Safety & Emergency Management,Street/Public Area Safety,Government,Medium,Persistent,No,None
SS00548,"street/public area safety issue in ward 5, officer not taking call",Public Safety & Emergency Management,Street/Public Area Safety,Government,Low,Occasional,No,None
SS00549,street/public area safety is broken n not wrking properly plzz resolve,Public Safety & Emergency Management,Street/Public Area Safety,Government,Medium,Occasional,No,None
SS00550,Block level grievance filed for street/public area safety last month but service is still pending.,Public Safety & Emergency Management,Street/Public Area Safety,Government,Low,One-time,No,None
SS00551,Urgent maintenance team required for street/public area safety near community market place.,Public Safety & Emergency Management,Street/Public Area Safety,Government,High,One-time,No,None
SS00552,We need an automated digital technology system for ai surveillance & emergency panic button network to monitor this issue continuously.,Public Safety & Emergency Management,Street/Public Area Safety,Innovation,Medium,Recurring,Yes,AI Surveillance & Emergency Panic Button Network
SS00553,Is problem ko permanently solve karne ke liye ai surveillance & emergency panic button network ka low-cost sensor prototype chahiye.,Public Safety & Emergency Management,Street/Public Area Safety,Innovation,Medium,Occasional,Yes,AI Surveillance & Emergency Panic Button Network
SS00554,नवीनतम तकनीक और ai surveillance & emergency panic button network के माध्यम से इस समस्या का स्वचालित समाधान किया जाना चाहिए।,Public Safety & Emergency Management,Street/Public Area Safety,Innovation,High,Recurring,Yes,AI Surveillance & Emergency Panic Button Network
SS00555,need AI and IoT smart solution for ai surveillance & emergency panic button network,Public Safety & Emergency Management,Street/Public Area Safety,Innovation,Low,One-time,Yes,AI Surveillance & Emergency Panic Button Network
SS00556,Developing an offline smart system for ai surveillance & emergency panic button network will eliminate manual delays.,Public Safety & Emergency Management,Street/Public Area Safety,Innovation,Medium,Occasional,Yes,AI Surveillance & Emergency Panic Button Network
SS00557,Abhi तुरंत department emergency team bheje aur future ke liye ai surveillance & emergency panic button network ka early warning technology setup karein.,Public Safety & Emergency Management,Street/Public Area Safety,Hybrid,High,Recurring,Yes,AI Surveillance & Emergency Panic Button Network
SS00558,Har monsoon/season ye issue hota hai. Immediate repair along with long-term implementation of ai surveillance & emergency panic button network.,Public Safety & Emergency Management,Street/Public Area Safety,Hybrid,Critical,Persistent,Yes,AI Surveillance & Emergency Panic Button Network
SS00559,प्रशासन से तुरंत सहायता भेजी जाए तथा भविष्य के लिए ai surveillance & emergency panic button network का आधुनिक डिजिटल मॉडल भी विकसित किया जाए।,Public Safety & Emergency Management,Street/Public Area Safety,Hybrid,High,Recurring,Yes,AI Surveillance & Emergency Panic Button Network
SS00560,urgent govt inspection today n smart AI tech for ai surveillance & emergency panic button network for future plzz,Public Safety & Emergency Management,Street/Public Area Safety,Hybrid,High,Recurring,Yes,AI Surveillance & Emergency Panic Button Network
SS00561,"Immediate administrative intervention needed now, accompanied by a university research solution for ai surveillance & emergency panic button network.",Public Safety & Emergency Management,Street/Public Area Safety,Hybrid,Medium,Occasional,Yes,AI Surveillance & Emergency Panic Button Network
SS00562,The administrative service for emergency response access is currently non-functional in our block.,Public Safety & Emergency Management,Emergency Response Access,Government,Medium,Persistent,No,None
SS00563,"Pichle 10 din se emergency response access ka problem hai, kripya departmental staff ko inspection ke liye bheje.",Public Safety & Emergency Management,Emergency Response Access,Government,High,Occasional,No,None
SS00564,हमारे पंचायत में emergency response access से संबंधित शिकायत पर कई हफ्तों से कोई कार्रवाई नहीं हुई है।,Public Safety & Emergency Management,Emergency Response Access,Government,Medium,Persistent,No,None
SS00565,"emergency response access issue in ward 5, officer not taking call",Public Safety & Emergency Management,Emergency Response Access,Government,Low,Occasional,No,None
SS00566,emergency response access is broken n not wrking properly plzz resolve,Public Safety & Emergency Management,Emergency Response Access,Government,Medium,Occasional,No,None
SS00567,Block level grievance filed for emergency response access last month but service is still pending.,Public Safety & Emergency Management,Emergency Response Access,Government,Low,One-time,No,None
SS00568,Urgent maintenance team required for emergency response access near community market place.,Public Safety & Emergency Management,Emergency Response Access,Government,High,One-time,No,None
SS00569,We need an automated digital technology system for gis emergency vehicle route clearance system to monitor this issue continuously.,Public Safety & Emergency Management,Emergency Response Access,Innovation,Medium,Recurring,Yes,GIS Emergency Vehicle Route Clearance System
SS00570,Is problem ko permanently solve karne ke liye gis emergency vehicle route clearance system ka low-cost sensor prototype chahiye.,Public Safety & Emergency Management,Emergency Response Access,Innovation,Medium,Occasional,Yes,GIS Emergency Vehicle Route Clearance System
SS00571,नवीनतम तकनीक और gis emergency vehicle route clearance system के माध्यम से इस समस्या का स्वचालित समाधान किया जाना चाहिए।,Public Safety & Emergency Management,Emergency Response Access,Innovation,High,Recurring,Yes,GIS Emergency Vehicle Route Clearance System
SS00572,need AI and IoT smart solution for gis emergency vehicle route clearance system,Public Safety & Emergency Management,Emergency Response Access,Innovation,Low,One-time,Yes,GIS Emergency Vehicle Route Clearance System
SS00573,Developing an offline smart system for gis emergency vehicle route clearance system will eliminate manual delays.,Public Safety & Emergency Management,Emergency Response Access,Innovation,Medium,Occasional,Yes,GIS Emergency Vehicle Route Clearance System
SS00574,Abhi तुरंत department emergency team bheje aur future ke liye gis emergency vehicle route clearance system ka early warning technology setup karein.,Public Safety & Emergency Management,Emergency Response Access,Hybrid,High,Recurring,Yes,GIS Emergency Vehicle Route Clearance System
SS00575,Har monsoon/season ye issue hota hai. Immediate repair along with long-term implementation of gis emergency vehicle route clearance system.,Public Safety & Emergency Management,Emergency Response Access,Hybrid,Critical,Persistent,Yes,GIS Emergency Vehicle Route Clearance System
SS00576,प्रशासन से तुरंत सहायता भेजी जाए तथा भविष्य के लिए gis emergency vehicle route clearance system का आधुनिक डिजिटल मॉडल भी विकसित किया जाए।,Public Safety & Emergency Management,Emergency Response Access,Hybrid,High,Recurring,Yes,GIS Emergency Vehicle Route Clearance System
SS00577,urgent govt inspection today n smart AI tech for gis emergency vehicle route clearance system for future plzz,Public Safety & Emergency Management,Emergency Response Access,Hybrid,High,Recurring,Yes,GIS Emergency Vehicle Route Clearance System
SS00578,"Immediate administrative intervention needed now, accompanied by a university research solution for gis emergency vehicle route clearance system.",Public Safety & Emergency Management,Emergency Response Access,Hybrid,Medium,Occasional,Yes,GIS Emergency Vehicle Route Clearance System
SS00579,The administrative service for forest/wildlife-related safety is currently non-functional in our block.,Public Safety & Emergency Management,Forest/Wildlife-Related Safety,Government,Medium,Persistent,No,None
SS00580,"Pichle 10 din se forest/wildlife-related safety ka problem hai, kripya departmental staff ko inspection ke liye bheje.",Public Safety & Emergency Management,Forest/Wildlife-Related Safety,Government,High,Occasional,No,None
SS00581,हमारे पंचायत में forest/wildlife-related safety से संबंधित शिकायत पर कई हफ्तों से कोई कार्रवाई नहीं हुई है।,Public Safety & Emergency Management,Forest/Wildlife-Related Safety,Government,Medium,Persistent,No,None
SS00582,"forest/wildlife-related safety issue in ward 5, officer not taking call",Public Safety & Emergency Management,Forest/Wildlife-Related Safety,Government,Low,Occasional,No,None
SS00583,forest/wildlife-related safety is broken n not wrking properly plzz resolve,Public Safety & Emergency Management,Forest/Wildlife-Related Safety,Government,Medium,Occasional,No,None
SS00584,Block level grievance filed for forest/wildlife-related safety last month but service is still pending.,Public Safety & Emergency Management,Forest/Wildlife-Related Safety,Government,Low,One-time,No,None
SS00585,Urgent maintenance team required for forest/wildlife-related safety near community market place.,Public Safety & Emergency Management,Forest/Wildlife-Related Safety,Government,High,One-time,No,None
SS00586,We need an automated digital technology system for acoustic elephant & wildlife movement alert system to monitor this issue continuously.,Public Safety & Emergency Management,Forest/Wildlife-Related Safety,Innovation,Medium,Recurring,Yes,Acoustic Elephant & Wildlife Movement Alert System
SS00587,Is problem ko permanently solve karne ke liye acoustic elephant & wildlife movement alert system ka low-cost sensor prototype chahiye.,Public Safety & Emergency Management,Forest/Wildlife-Related Safety,Innovation,Medium,Occasional,Yes,Acoustic Elephant & Wildlife Movement Alert System
SS00588,नवीनतम तकनीक और acoustic elephant & wildlife movement alert system के माध्यम से इस समस्या का स्वचालित समाधान किया जाना चाहिए।,Public Safety & Emergency Management,Forest/Wildlife-Related Safety,Innovation,High,Recurring,Yes,Acoustic Elephant & Wildlife Movement Alert System
SS00589,need AI and IoT smart solution for acoustic elephant & wildlife movement alert system,Public Safety & Emergency Management,Forest/Wildlife-Related Safety,Innovation,Low,One-time,Yes,Acoustic Elephant & Wildlife Movement Alert System
SS00590,Developing an offline smart system for acoustic elephant & wildlife movement alert system will eliminate manual delays.,Public Safety & Emergency Management,Forest/Wildlife-Related Safety,Innovation,Medium,Occasional,Yes,Acoustic Elephant & Wildlife Movement Alert System
SS00591,Abhi तुरंत department emergency team bheje aur future ke liye acoustic elephant & wildlife movement alert system ka early warning technology setup karein.,Public Safety & Emergency Management,Forest/Wildlife-Related Safety,Hybrid,High,Recurring,Yes,Acoustic Elephant & Wildlife Movement Alert System
SS00592,Har monsoon/season ye issue hota hai. Immediate repair along with long-term implementation of acoustic elephant & wildlife movement alert system.,Public Safety & Emergency Management,Forest/Wildlife-Related Safety,Hybrid,Critical,Persistent,Yes,Acoustic Elephant & Wildlife Movement Alert System
SS00593,प्रशासन से तुरंत सहायता भेजी जाए तथा भविष्य के लिए acoustic elephant & wildlife movement alert system का आधुनिक डिजिटल मॉडल भी विकसित किया जाए।,Public Safety & Emergency Management,Forest/Wildlife-Related Safety,Hybrid,High,Recurring,Yes,Acoustic Elephant & Wildlife Movement Alert System
SS00594,urgent govt inspection today n smart AI tech for acoustic elephant & wildlife movement alert system for future plzz,Public Safety & Emergency Management,Forest/Wildlife-Related Safety,Hybrid,High,Recurring,Yes,Acoustic Elephant & Wildlife Movement Alert System
SS00595,"Immediate administrative intervention needed now, accompanied by a university research solution for acoustic elephant & wildlife movement alert system.",Public Safety & Emergency Management,Forest/Wildlife-Related Safety,Hybrid,Medium,Occasional,Yes,Acoustic Elephant & Wildlife Movement Alert System
SS00596,The administrative service for primary healthcare access is currently non-functional in our block.,Health & Public Health,Primary Healthcare Access,Government,Medium,Persistent,No,None
SS00597,"Pichle 10 din se primary healthcare access ka problem hai, kripya departmental staff ko inspection ke liye bheje.",Health & Public Health,Primary Healthcare Access,Government,High,Occasional,No,None
SS00598,हमारे पंचायत में primary healthcare access से संबंधित शिकायत पर कई हफ्तों से कोई कार्रवाई नहीं हुई है।,Health & Public Health,Primary Healthcare Access,Government,Medium,Persistent,No,None
SS00599,"primary healthcare access issue in ward 5, officer not taking call",Health & Public Health,Primary Healthcare Access,Government,Low,Occasional,No,None
SS00600,primary healthcare access is broken n not wrking properly plzz resolve,Health & Public Health,Primary Healthcare Access,Government,Medium,Occasional,No,None
SS00601,Block level grievance filed for primary healthcare access last month but service is still pending.,Health & Public Health,Primary Healthcare Access,Government,Low,One-time,No,None
SS00602,Urgent maintenance team required for primary healthcare access near community market place.,Health & Public Health,Primary Healthcare Access,Government,High,One-time,No,None
SS00603,We need an automated digital technology system for portable telemedicine & diagnostic kits to monitor this issue continuously.,Health & Public Health,Primary Healthcare Access,Innovation,Medium,Recurring,Yes,Portable Telemedicine & Diagnostic Kits
SS00604,Is problem ko permanently solve karne ke liye portable telemedicine & diagnostic kits ka low-cost sensor prototype chahiye.,Health & Public Health,Primary Healthcare Access,Innovation,Medium,Occasional,Yes,Portable Telemedicine & Diagnostic Kits
SS00605,नवीनतम तकनीक और portable telemedicine & diagnostic kits के माध्यम से इस समस्या का स्वचालित समाधान किया जाना चाहिए।,Health & Public Health,Primary Healthcare Access,Innovation,High,Recurring,Yes,Portable Telemedicine & Diagnostic Kits
SS00606,need AI and IoT smart solution for portable telemedicine & diagnostic kits,Health & Public Health,Primary Healthcare Access,Innovation,Low,One-time,Yes,Portable Telemedicine & Diagnostic Kits
SS00607,Developing an offline smart system for portable telemedicine & diagnostic kits will eliminate manual delays.,Health & Public Health,Primary Healthcare Access,Innovation,Medium,Occasional,Yes,Portable Telemedicine & Diagnostic Kits
SS00608,Abhi तुरंत department emergency team bheje aur future ke liye portable telemedicine & diagnostic kits ka early warning technology setup karein.,Health & Public Health,Primary Healthcare Access,Hybrid,High,Recurring,Yes,Portable Telemedicine & Diagnostic Kits
SS00609,Har monsoon/season ye issue hota hai. Immediate repair along with long-term implementation of portable telemedicine & diagnostic kits.,Health & Public Health,Primary Healthcare Access,Hybrid,Critical,Persistent,Yes,Portable Telemedicine & Diagnostic Kits
SS00610,प्रशासन से तुरंत सहायता भेजी जाए तथा भविष्य के लिए portable telemedicine & diagnostic kits का आधुनिक डिजिटल मॉडल भी विकसित किया जाए।,Health & Public Health,Primary Healthcare Access,Hybrid,High,Recurring,Yes,Portable Telemedicine & Diagnostic Kits
SS00611,urgent govt inspection today n smart AI tech for portable telemedicine & diagnostic kits for future plzz,Health & Public Health,Primary Healthcare Access,Hybrid,High,Recurring,Yes,Portable Telemedicine & Diagnostic Kits
SS00612,"Immediate administrative intervention needed now, accompanied by a university research solution for portable telemedicine & diagnostic kits.",Health & Public Health,Primary Healthcare Access,Hybrid,Medium,Occasional,Yes,Portable Telemedicine & Diagnostic Kits
SS00613,The administrative service for medicine availability is currently non-functional in our block.,Health & Public Health,Medicine Availability,Government,Medium,Persistent,No,None
SS00614,"Pichle 10 din se medicine availability ka problem hai, kripya departmental staff ko inspection ke liye bheje.",Health & Public Health,Medicine Availability,Government,High,Occasional,No,None
SS00615,हमारे पंचायत में medicine availability से संबंधित शिकायत पर कई हफ्तों से कोई कार्रवाई नहीं हुई है।,Health & Public Health,Medicine Availability,Government,Medium,Persistent,No,None
SS00616,"medicine availability issue in ward 5, officer not taking call",Health & Public Health,Medicine Availability,Government,Low,Occasional,No,None
SS00617,medicine availability is broken n not wrking properly plzz resolve,Health & Public Health,Medicine Availability,Government,Medium,Occasional,No,None
SS00618,Block level grievance filed for medicine availability last month but service is still pending.,Health & Public Health,Medicine Availability,Government,Low,One-time,No,None
SS00619,Urgent maintenance team required for medicine availability near community market place.,Health & Public Health,Medicine Availability,Government,High,One-time,No,None
SS00620,We need an automated digital technology system for blockchain medicine inventory & cold chain tracker to monitor this issue continuously.,Health & Public Health,Medicine Availability,Innovation,Medium,Recurring,Yes,Blockchain Medicine Inventory & Cold Chain Tracker
SS00621,Is problem ko permanently solve karne ke liye blockchain medicine inventory & cold chain tracker ka low-cost sensor prototype chahiye.,Health & Public Health,Medicine Availability,Innovation,Medium,Occasional,Yes,Blockchain Medicine Inventory & Cold Chain Tracker
SS00622,नवीनतम तकनीक और blockchain medicine inventory & cold chain tracker के माध्यम से इस समस्या का स्वचालित समाधान किया जाना चाहिए।,Health & Public Health,Medicine Availability,Innovation,High,Recurring,Yes,Blockchain Medicine Inventory & Cold Chain Tracker
SS00623,need AI and IoT smart solution for blockchain medicine inventory & cold chain tracker,Health & Public Health,Medicine Availability,Innovation,Low,One-time,Yes,Blockchain Medicine Inventory & Cold Chain Tracker
SS00624,Developing an offline smart system for blockchain medicine inventory & cold chain tracker will eliminate manual delays.,Health & Public Health,Medicine Availability,Innovation,Medium,Occasional,Yes,Blockchain Medicine Inventory & Cold Chain Tracker
SS00625,Abhi तुरंत department emergency team bheje aur future ke liye blockchain medicine inventory & cold chain tracker ka early warning technology setup karein.,Health & Public Health,Medicine Availability,Hybrid,High,Recurring,Yes,Blockchain Medicine Inventory & Cold Chain Tracker
SS00626,Har monsoon/season ye issue hota hai. Immediate repair along with long-term implementation of blockchain medicine inventory & cold chain tracker.,Health & Public Health,Medicine Availability,Hybrid,Critical,Persistent,Yes,Blockchain Medicine Inventory & Cold Chain Tracker
SS00627,प्रशासन से तुरंत सहायता भेजी जाए तथा भविष्य के लिए blockchain medicine inventory & cold chain tracker का आधुनिक डिजिटल मॉडल भी विकसित किया जाए।,Health & Public Health,Medicine Availability,Hybrid,High,Recurring,Yes,Blockchain Medicine Inventory & Cold Chain Tracker
SS00628,urgent govt inspection today n smart AI tech for blockchain medicine inventory & cold chain tracker for future plzz,Health & Public Health,Medicine Availability,Hybrid,High,Recurring,Yes,Blockchain Medicine Inventory & Cold Chain Tracker
SS00629,"Immediate administrative intervention needed now, accompanied by a university research solution for blockchain medicine inventory & cold chain tracker.",Health & Public Health,Medicine Availability,Hybrid,Medium,Occasional,Yes,Blockchain Medicine Inventory & Cold Chain Tracker
SS00630,The administrative service for maternal & child health is currently non-functional in our block.,Health & Public Health,Maternal & Child Health,Government,Medium,Persistent,No,None
SS00631,"Pichle 10 din se maternal & child health ka problem hai, kripya departmental staff ko inspection ke liye bheje.",Health & Public Health,Maternal & Child Health,Government,High,Occasional,No,None
SS00632,हमारे पंचायत में maternal & child health से संबंधित शिकायत पर कई हफ्तों से कोई कार्रवाई नहीं हुई है।,Health & Public Health,Maternal & Child Health,Government,Medium,Persistent,No,None
SS00633,"maternal & child health issue in ward 5, officer not taking call",Health & Public Health,Maternal & Child Health,Government,Low,Occasional,No,None
SS00634,maternal & child health is broken n not wrking properly plzz resolve,Health & Public Health,Maternal & Child Health,Government,Medium,Occasional,No,None
SS00635,Block level grievance filed for maternal & child health last month but service is still pending.,Health & Public Health,Maternal & Child Health,Government,Low,One-time,No,None
SS00636,Urgent maintenance team required for maternal & child health near community market place.,Health & Public Health,Maternal & Child Health,Government,High,One-time,No,None
SS00637,We need an automated digital technology system for wearable high-risk pregnancy monitor to monitor this issue continuously.,Health & Public Health,Maternal & Child Health,Innovation,Medium,Recurring,Yes,Wearable High-Risk Pregnancy Monitor
SS00638,Is problem ko permanently solve karne ke liye wearable high-risk pregnancy monitor ka low-cost sensor prototype chahiye.,Health & Public Health,Maternal & Child Health,Innovation,Medium,Occasional,Yes,Wearable High-Risk Pregnancy Monitor
SS00639,नवीनतम तकनीक और wearable high-risk pregnancy monitor के माध्यम से इस समस्या का स्वचालित समाधान किया जाना चाहिए।,Health & Public Health,Maternal & Child Health,Innovation,High,Recurring,Yes,Wearable High-Risk Pregnancy Monitor
SS00640,need AI and IoT smart solution for wearable high-risk pregnancy monitor,Health & Public Health,Maternal & Child Health,Innovation,Low,One-time,Yes,Wearable High-Risk Pregnancy Monitor
SS00641,Developing an offline smart system for wearable high-risk pregnancy monitor will eliminate manual delays.,Health & Public Health,Maternal & Child Health,Innovation,Medium,Occasional,Yes,Wearable High-Risk Pregnancy Monitor
SS00642,Abhi तुरंत department emergency team bheje aur future ke liye wearable high-risk pregnancy monitor ka early warning technology setup karein.,Health & Public Health,Maternal & Child Health,Hybrid,High,Recurring,Yes,Wearable High-Risk Pregnancy Monitor
SS00643,Har monsoon/season ye issue hota hai. Immediate repair along with long-term implementation of wearable high-risk pregnancy monitor.,Health & Public Health,Maternal & Child Health,Hybrid,Critical,Persistent,Yes,Wearable High-Risk Pregnancy Monitor
SS00644,प्रशासन से तुरंत सहायता भेजी जाए तथा भविष्य के लिए wearable high-risk pregnancy monitor का आधुनिक डिजिटल मॉडल भी विकसित किया जाए।,Health & Public Health,Maternal & Child Health,Hybrid,High,Recurring,Yes,Wearable High-Risk Pregnancy Monitor
SS00645,urgent govt inspection today n smart AI tech for wearable high-risk pregnancy monitor for future plzz,Health & Public Health,Maternal & Child Health,Hybrid,High,Recurring,Yes,Wearable High-Risk Pregnancy Monitor
SS00646,"Immediate administrative intervention needed now, accompanied by a university research solution for wearable high-risk pregnancy monitor.",Health & Public Health,Maternal & Child Health,Hybrid,Medium,Occasional,Yes,Wearable High-Risk Pregnancy Monitor
SS00647,The administrative service for disease prevention & surveillance is currently non-functional in our block.,Health & Public Health,Disease Prevention & Surveillance,Government,Medium,Persistent,No,None
SS00648,"Pichle 10 din se disease prevention & surveillance ka problem hai, kripya departmental staff ko inspection ke liye bheje.",Health & Public Health,Disease Prevention & Surveillance,Government,High,Occasional,No,None
SS00649,हमारे पंचायत में disease prevention & surveillance से संबंधित शिकायत पर कई हफ्तों से कोई कार्रवाई नहीं हुई है।,Health & Public Health,Disease Prevention & Surveillance,Government,Medium,Persistent,No,None
SS00650,"disease prevention & surveillance issue in ward 5, officer not taking call",Health & Public Health,Disease Prevention & Surveillance,Government,Low,Occasional,No,None
SS00651,disease prevention & surveillance is broken n not wrking properly plzz resolve,Health & Public Health,Disease Prevention & Surveillance,Government,Medium,Occasional,No,None
SS00652,Block level grievance filed for disease prevention & surveillance last month but service is still pending.,Health & Public Health,Disease Prevention & Surveillance,Government,Low,One-time,No,None
SS00653,Urgent maintenance team required for disease prevention & surveillance near community market place.,Health & Public Health,Disease Prevention & Surveillance,Government,High,One-time,No,None
SS00654,We need an automated digital technology system for ai epidemic vector & disease outbreak mapping to monitor this issue continuously.,Health & Public Health,Disease Prevention & Surveillance,Innovation,Medium,Recurring,Yes,AI Epidemic Vector & Disease Outbreak Mapping
SS00655,Is problem ko permanently solve karne ke liye ai epidemic vector & disease outbreak mapping ka low-cost sensor prototype chahiye.,Health & Public Health,Disease Prevention & Surveillance,Innovation,Medium,Occasional,Yes,AI Epidemic Vector & Disease Outbreak Mapping
SS00656,नवीनतम तकनीक और ai epidemic vector & disease outbreak mapping के माध्यम से इस समस्या का स्वचालित समाधान किया जाना चाहिए।,Health & Public Health,Disease Prevention & Surveillance,Innovation,High,Recurring,Yes,AI Epidemic Vector & Disease Outbreak Mapping
SS00657,need AI and IoT smart solution for ai epidemic vector & disease outbreak mapping,Health & Public Health,Disease Prevention & Surveillance,Innovation,Low,One-time,Yes,AI Epidemic Vector & Disease Outbreak Mapping
SS00658,Developing an offline smart system for ai epidemic vector & disease outbreak mapping will eliminate manual delays.,Health & Public Health,Disease Prevention & Surveillance,Innovation,Medium,Occasional,Yes,AI Epidemic Vector & Disease Outbreak Mapping
SS00659,Abhi तुरंत department emergency team bheje aur future ke liye ai epidemic vector & disease outbreak mapping ka early warning technology setup karein.,Health & Public Health,Disease Prevention & Surveillance,Hybrid,High,Recurring,Yes,AI Epidemic Vector & Disease Outbreak Mapping
SS00660,Har monsoon/season ye issue hota hai. Immediate repair along with long-term implementation of ai epidemic vector & disease outbreak mapping.,Health & Public Health,Disease Prevention & Surveillance,Hybrid,Critical,Persistent,Yes,AI Epidemic Vector & Disease Outbreak Mapping
SS00661,प्रशासन से तुरंत सहायता भेजी जाए तथा भविष्य के लिए ai epidemic vector & disease outbreak mapping का आधुनिक डिजिटल मॉडल भी विकसित किया जाए।,Health & Public Health,Disease Prevention & Surveillance,Hybrid,High,Recurring,Yes,AI Epidemic Vector & Disease Outbreak Mapping
SS00662,urgent govt inspection today n smart AI tech for ai epidemic vector & disease outbreak mapping for future plzz,Health & Public Health,Disease Prevention & Surveillance,Hybrid,High,Recurring,Yes,AI Epidemic Vector & Disease Outbreak Mapping
SS00663,"Immediate administrative intervention needed now, accompanied by a university research solution for ai epidemic vector & disease outbreak mapping.",Health & Public Health,Disease Prevention & Surveillance,Hybrid,Medium,Occasional,Yes,AI Epidemic Vector & Disease Outbreak Mapping
SS00664,The administrative service for emergency medical access is currently non-functional in our block.,Health & Public Health,Emergency Medical Access,Government,Medium,Persistent,No,None
SS00665,"Pichle 10 din se emergency medical access ka problem hai, kripya departmental staff ko inspection ke liye bheje.",Health & Public Health,Emergency Medical Access,Government,High,Occasional,No,None
SS00666,हमारे पंचायत में emergency medical access से संबंधित शिकायत पर कई हफ्तों से कोई कार्रवाई नहीं हुई है।,Health & Public Health,Emergency Medical Access,Government,Medium,Persistent,No,None
SS00667,"emergency medical access issue in ward 5, officer not taking call",Health & Public Health,Emergency Medical Access,Government,Low,Occasional,No,None
SS00668,emergency medical access is broken n not wrking properly plzz resolve,Health & Public Health,Emergency Medical Access,Government,Medium,Occasional,No,None
SS00669,Block level grievance filed for emergency medical access last month but service is still pending.,Health & Public Health,Emergency Medical Access,Government,Low,One-time,No,None
SS00670,Urgent maintenance team required for emergency medical access near community market place.,Health & Public Health,Emergency Medical Access,Government,High,One-time,No,None
SS00671,We need an automated digital technology system for autonomous medical drone delivery system to monitor this issue continuously.,Health & Public Health,Emergency Medical Access,Innovation,Medium,Recurring,Yes,Autonomous Medical Drone Delivery System
SS00672,Is problem ko permanently solve karne ke liye autonomous medical drone delivery system ka low-cost sensor prototype chahiye.,Health & Public Health,Emergency Medical Access,Innovation,Medium,Occasional,Yes,Autonomous Medical Drone Delivery System
SS00673,नवीनतम तकनीक और autonomous medical drone delivery system के माध्यम से इस समस्या का स्वचालित समाधान किया जाना चाहिए।,Health & Public Health,Emergency Medical Access,Innovation,High,Recurring,Yes,Autonomous Medical Drone Delivery System
SS00674,need AI and IoT smart solution for autonomous medical drone delivery system,Health & Public Health,Emergency Medical Access,Innovation,Low,One-time,Yes,Autonomous Medical Drone Delivery System
SS00675,Developing an offline smart system for autonomous medical drone delivery system will eliminate manual delays.,Health & Public Health,Emergency Medical Access,Innovation,Medium,Occasional,Yes,Autonomous Medical Drone Delivery System
SS00676,Abhi तुरंत department emergency team bheje aur future ke liye autonomous medical drone delivery system ka early warning technology setup karein.,Health & Public Health,Emergency Medical Access,Hybrid,High,Recurring,Yes,Autonomous Medical Drone Delivery System
SS00677,Har monsoon/season ye issue hota hai. Immediate repair along with long-term implementation of autonomous medical drone delivery system.,Health & Public Health,Emergency Medical Access,Hybrid,Critical,Persistent,Yes,Autonomous Medical Drone Delivery System
SS00678,प्रशासन से तुरंत सहायता भेजी जाए तथा भविष्य के लिए autonomous medical drone delivery system का आधुनिक डिजिटल मॉडल भी विकसित किया जाए।,Health & Public Health,Emergency Medical Access,Hybrid,High,Recurring,Yes,Autonomous Medical Drone Delivery System
SS00679,urgent govt inspection today n smart AI tech for autonomous medical drone delivery system for future plzz,Health & Public Health,Emergency Medical Access,Hybrid,High,Recurring,Yes,Autonomous Medical Drone Delivery System
SS00680,"Immediate administrative intervention needed now, accompanied by a university research solution for autonomous medical drone delivery system.",Health & Public Health,Emergency Medical Access,Hybrid,Medium,Occasional,Yes,Autonomous Medical Drone Delivery System
SS00681,The administrative service for nutrition & public health is currently non-functional in our block.,Health & Public Health,Nutrition & Public Health,Government,Medium,Persistent,No,None
SS00682,"Pichle 10 din se nutrition & public health ka problem hai, kripya departmental staff ko inspection ke liye bheje.",Health & Public Health,Nutrition & Public Health,Government,High,Occasional,No,None
SS00683,हमारे पंचायत में nutrition & public health से संबंधित शिकायत पर कई हफ्तों से कोई कार्रवाई नहीं हुई है।,Health & Public Health,Nutrition & Public Health,Government,Medium,Persistent,No,None
SS00684,"nutrition & public health issue in ward 5, officer not taking call",Health & Public Health,Nutrition & Public Health,Government,Low,Occasional,No,None
SS00685,nutrition & public health is broken n not wrking properly plzz resolve,Health & Public Health,Nutrition & Public Health,Government,Medium,Occasional,No,None
SS00686,Block level grievance filed for nutrition & public health last month but service is still pending.,Health & Public Health,Nutrition & Public Health,Government,Low,One-time,No,None
SS00687,Urgent maintenance team required for nutrition & public health near community market place.,Health & Public Health,Nutrition & Public Health,Government,High,One-time,No,None
SS00688,We need an automated digital technology system for digital malnutrition screening & anthropometric ai to monitor this issue continuously.,Health & Public Health,Nutrition & Public Health,Innovation,Medium,Recurring,Yes,Digital Malnutrition Screening & Anthropometric AI
SS00689,Is problem ko permanently solve karne ke liye digital malnutrition screening & anthropometric ai ka low-cost sensor prototype chahiye.,Health & Public Health,Nutrition & Public Health,Innovation,Medium,Occasional,Yes,Digital Malnutrition Screening & Anthropometric AI
SS00690,नवीनतम तकनीक और digital malnutrition screening & anthropometric ai के माध्यम से इस समस्या का स्वचालित समाधान किया जाना चाहिए।,Health & Public Health,Nutrition & Public Health,Innovation,High,Recurring,Yes,Digital Malnutrition Screening & Anthropometric AI
SS00691,need AI and IoT smart solution for digital malnutrition screening & anthropometric ai,Health & Public Health,Nutrition & Public Health,Innovation,Low,One-time,Yes,Digital Malnutrition Screening & Anthropometric AI
SS00692,Developing an offline smart system for digital malnutrition screening & anthropometric ai will eliminate manual delays.,Health & Public Health,Nutrition & Public Health,Innovation,Medium,Occasional,Yes,Digital Malnutrition Screening & Anthropometric AI
SS00693,Abhi तुरंत department emergency team bheje aur future ke liye digital malnutrition screening & anthropometric ai ka early warning technology setup karein.,Health & Public Health,Nutrition & Public Health,Hybrid,High,Recurring,Yes,Digital Malnutrition Screening & Anthropometric AI
SS00694,Har monsoon/season ye issue hota hai. Immediate repair along with long-term implementation of digital malnutrition screening & anthropometric ai.,Health & Public Health,Nutrition & Public Health,Hybrid,Critical,Persistent,Yes,Digital Malnutrition Screening & Anthropometric AI
SS00695,प्रशासन से तुरंत सहायता भेजी जाए तथा भविष्य के लिए digital malnutrition screening & anthropometric ai का आधुनिक डिजिटल मॉडल भी विकसित किया जाए।,Health & Public Health,Nutrition & Public Health,Hybrid,High,Recurring,Yes,Digital Malnutrition Screening & Anthropometric AI
SS00696,urgent govt inspection today n smart AI tech for digital malnutrition screening & anthropometric ai for future plzz,Health & Public Health,Nutrition & Public Health,Hybrid,High,Recurring,Yes,Digital Malnutrition Screening & Anthropometric AI
SS00697,"Immediate administrative intervention needed now, accompanied by a university research solution for digital malnutrition screening & anthropometric ai.",Health & Public Health,Nutrition & Public Health,Hybrid,Medium,Occasional,Yes,Digital Malnutrition Screening & Anthropometric AI
SS00698,The administrative service for health technology access is currently non-functional in our block.,Health & Public Health,Health Technology Access,Government,Medium,Persistent,No,None
SS00699,"Pichle 10 din se health technology access ka problem hai, kripya departmental staff ko inspection ke liye bheje.",Health & Public Health,Health Technology Access,Government,High,Occasional,No,None
SS00700,हमारे पंचायत में health technology access से संबंधित शिकायत पर कई हफ्तों से कोई कार्रवाई नहीं हुई है।,Health & Public Health,Health Technology Access,Government,Medium,Persistent,No,None
SS00701,"health technology access issue in ward 5, officer not taking call",Health & Public Health,Health Technology Access,Government,Low,Occasional,No,None
SS00702,health technology access is broken n not wrking properly plzz resolve,Health & Public Health,Health Technology Access,Government,Medium,Occasional,No,None
SS00703,Block level grievance filed for health technology access last month but service is still pending.,Health & Public Health,Health Technology Access,Government,Low,One-time,No,None
SS00704,Urgent maintenance team required for health technology access near community market place.,Health & Public Health,Health Technology Access,Government,High,One-time,No,None
SS00705,We need an automated digital technology system for ai screening for diabetic retinopathy & vision to monitor this issue continuously.,Health & Public Health,Health Technology Access,Innovation,Medium,Recurring,Yes,AI Screening for Diabetic Retinopathy & Vision
SS00706,Is problem ko permanently solve karne ke liye ai screening for diabetic retinopathy & vision ka low-cost sensor prototype chahiye.,Health & Public Health,Health Technology Access,Innovation,Medium,Occasional,Yes,AI Screening for Diabetic Retinopathy & Vision
SS00707,नवीनतम तकनीक और ai screening for diabetic retinopathy & vision के माध्यम से इस समस्या का स्वचालित समाधान किया जाना चाहिए।,Health & Public Health,Health Technology Access,Innovation,High,Recurring,Yes,AI Screening for Diabetic Retinopathy & Vision
SS00708,need AI and IoT smart solution for ai screening for diabetic retinopathy & vision,Health & Public Health,Health Technology Access,Innovation,Low,One-time,Yes,AI Screening for Diabetic Retinopathy & Vision
SS00709,Developing an offline smart system for ai screening for diabetic retinopathy & vision will eliminate manual delays.,Health & Public Health,Health Technology Access,Innovation,Medium,Occasional,Yes,AI Screening for Diabetic Retinopathy & Vision
SS00710,Abhi तुरंत department emergency team bheje aur future ke liye ai screening for diabetic retinopathy & vision ka early warning technology setup karein.,Health & Public Health,Health Technology Access,Hybrid,High,Recurring,Yes,AI Screening for Diabetic Retinopathy & Vision
SS00711,Har monsoon/season ye issue hota hai. Immediate repair along with long-term implementation of ai screening for diabetic retinopathy & vision.,Health & Public Health,Health Technology Access,Hybrid,Critical,Persistent,Yes,AI Screening for Diabetic Retinopathy & Vision
SS00712,प्रशासन से तुरंत सहायता भेजी जाए तथा भविष्य के लिए ai screening for diabetic retinopathy & vision का आधुनिक डिजिटल मॉडल भी विकसित किया जाए।,Health & Public Health,Health Technology Access,Hybrid,High,Recurring,Yes,AI Screening for Diabetic Retinopathy & Vision
SS00713,urgent govt inspection today n smart AI tech for ai screening for diabetic retinopathy & vision for future plzz,Health & Public Health,Health Technology Access,Hybrid,High,Recurring,Yes,AI Screening for Diabetic Retinopathy & Vision
SS00714,"Immediate administrative intervention needed now, accompanied by a university research solution for ai screening for diabetic retinopathy & vision.",Health & Public Health,Health Technology Access,Hybrid,Medium,Occasional,Yes,AI Screening for Diabetic Retinopathy & Vision
SS00715,The administrative service for school infrastructure is currently non-functional in our block.,Education & Digital Access,School Infrastructure,Government,Medium,Persistent,No,None
SS00716,"Pichle 10 din se school infrastructure ka problem hai, kripya departmental staff ko inspection ke liye bheje.",Education & Digital Access,School Infrastructure,Government,High,Occasional,No,None
SS00717,हमारे पंचायत में school infrastructure से संबंधित शिकायत पर कई हफ्तों से कोई कार्रवाई नहीं हुई है।,Education & Digital Access,School Infrastructure,Government,Medium,Persistent,No,None
SS00718,"school infrastructure issue in ward 5, officer not taking call",Education & Digital Access,School Infrastructure,Government,Low,Occasional,No,None
SS00719,school infrastructure is broken n not wrking properly plzz resolve,Education & Digital Access,School Infrastructure,Government,Medium,Occasional,No,None
SS00720,Block level grievance filed for school infrastructure last month but service is still pending.,Education & Digital Access,School Infrastructure,Government,Low,One-time,No,None
SS00721,Urgent maintenance team required for school infrastructure near community market place.,Education & Digital Access,School Infrastructure,Government,High,One-time,No,None
SS00722,We need an automated digital technology system for off-grid solar digital classroom systems to monitor this issue continuously.,Education & Digital Access,School Infrastructure,Innovation,Medium,Recurring,Yes,Off-Grid Solar Digital Classroom Systems
SS00723,Is problem ko permanently solve karne ke liye off-grid solar digital classroom systems ka low-cost sensor prototype chahiye.,Education & Digital Access,School Infrastructure,Innovation,Medium,Occasional,Yes,Off-Grid Solar Digital Classroom Systems
SS00724,नवीनतम तकनीक और off-grid solar digital classroom systems के माध्यम से इस समस्या का स्वचालित समाधान किया जाना चाहिए।,Education & Digital Access,School Infrastructure,Innovation,High,Recurring,Yes,Off-Grid Solar Digital Classroom Systems
SS00725,need AI and IoT smart solution for off-grid solar digital classroom systems,Education & Digital Access,School Infrastructure,Innovation,Low,One-time,Yes,Off-Grid Solar Digital Classroom Systems
SS00726,Developing an offline smart system for off-grid solar digital classroom systems will eliminate manual delays.,Education & Digital Access,School Infrastructure,Innovation,Medium,Occasional,Yes,Off-Grid Solar Digital Classroom Systems
SS00727,Abhi तुरंत department emergency team bheje aur future ke liye off-grid solar digital classroom systems ka early warning technology setup karein.,Education & Digital Access,School Infrastructure,Hybrid,High,Recurring,Yes,Off-Grid Solar Digital Classroom Systems
SS00728,Har monsoon/season ye issue hota hai. Immediate repair along with long-term implementation of off-grid solar digital classroom systems.,Education & Digital Access,School Infrastructure,Hybrid,High,Persistent,Yes,Off-Grid Solar Digital Classroom Systems
SS00729,प्रशासन से तुरंत सहायता भेजी जाए तथा भविष्य के लिए off-grid solar digital classroom systems का आधुनिक डिजिटल मॉडल भी विकसित किया जाए।,Education & Digital Access,School Infrastructure,Hybrid,High,Recurring,Yes,Off-Grid Solar Digital Classroom Systems
SS00730,urgent govt inspection today n smart AI tech for off-grid solar digital classroom systems for future plzz,Education & Digital Access,School Infrastructure,Hybrid,High,Recurring,Yes,Off-Grid Solar Digital Classroom Systems
SS00731,"Immediate administrative intervention needed now, accompanied by a university research solution for off-grid solar digital classroom systems.",Education & Digital Access,School Infrastructure,Hybrid,Medium,Occasional,Yes,Off-Grid Solar Digital Classroom Systems
SS00732,The administrative service for teacher & learning access is currently non-functional in our block.,Education & Digital Access,Teacher & Learning Access,Government,Medium,Persistent,No,None
SS00733,"Pichle 10 din se teacher & learning access ka problem hai, kripya departmental staff ko inspection ke liye bheje.",Education & Digital Access,Teacher & Learning Access,Government,High,Occasional,No,None
SS00734,हमारे पंचायत में teacher & learning access से संबंधित शिकायत पर कई हफ्तों से कोई कार्रवाई नहीं हुई है।,Education & Digital Access,Teacher & Learning Access,Government,Medium,Persistent,No,None
SS00735,"teacher & learning access issue in ward 5, officer not taking call",Education & Digital Access,Teacher & Learning Access,Government,Low,Occasional,No,None
SS00736,teacher & learning access is broken n not wrking properly plzz resolve,Education & Digital Access,Teacher & Learning Access,Government,Medium,Occasional,No,None
SS00737,Block level grievance filed for teacher & learning access last month but service is still pending.,Education & Digital Access,Teacher & Learning Access,Government,Low,One-time,No,None
SS00738,Urgent maintenance team required for teacher & learning access near community market place.,Education & Digital Access,Teacher & Learning Access,Government,High,One-time,No,None
SS00739,We need an automated digital technology system for multilingual vernacular ai teaching assistant to monitor this issue continuously.,Education & Digital Access,Teacher & Learning Access,Innovation,Medium,Recurring,Yes,Multilingual Vernacular AI Teaching Assistant
SS00740,Is problem ko permanently solve karne ke liye multilingual vernacular ai teaching assistant ka low-cost sensor prototype chahiye.,Education & Digital Access,Teacher & Learning Access,Innovation,Medium,Occasional,Yes,Multilingual Vernacular AI Teaching Assistant
SS00741,नवीनतम तकनीक और multilingual vernacular ai teaching assistant के माध्यम से इस समस्या का स्वचालित समाधान किया जाना चाहिए।,Education & Digital Access,Teacher & Learning Access,Innovation,High,Recurring,Yes,Multilingual Vernacular AI Teaching Assistant
SS00742,need AI and IoT smart solution for multilingual vernacular ai teaching assistant,Education & Digital Access,Teacher & Learning Access,Innovation,Low,One-time,Yes,Multilingual Vernacular AI Teaching Assistant
SS00743,Developing an offline smart system for multilingual vernacular ai teaching assistant will eliminate manual delays.,Education & Digital Access,Teacher & Learning Access,Innovation,Medium,Occasional,Yes,Multilingual Vernacular AI Teaching Assistant
SS00744,Abhi तुरंत department emergency team bheje aur future ke liye multilingual vernacular ai teaching assistant ka early warning technology setup karein.,Education & Digital Access,Teacher & Learning Access,Hybrid,High,Recurring,Yes,Multilingual Vernacular AI Teaching Assistant
SS00745,Har monsoon/season ye issue hota hai. Immediate repair along with long-term implementation of multilingual vernacular ai teaching assistant.,Education & Digital Access,Teacher & Learning Access,Hybrid,High,Persistent,Yes,Multilingual Vernacular AI Teaching Assistant
SS00746,प्रशासन से तुरंत सहायता भेजी जाए तथा भविष्य के लिए multilingual vernacular ai teaching assistant का आधुनिक डिजिटल मॉडल भी विकसित किया जाए।,Education & Digital Access,Teacher & Learning Access,Hybrid,High,Recurring,Yes,Multilingual Vernacular AI Teaching Assistant
SS00747,urgent govt inspection today n smart AI tech for multilingual vernacular ai teaching assistant for future plzz,Education & Digital Access,Teacher & Learning Access,Hybrid,High,Recurring,Yes,Multilingual Vernacular AI Teaching Assistant
SS00748,"Immediate administrative intervention needed now, accompanied by a university research solution for multilingual vernacular ai teaching assistant.",Education & Digital Access,Teacher & Learning Access,Hybrid,Medium,Occasional,Yes,Multilingual Vernacular AI Teaching Assistant
SS00749,The administrative service for student attendance & dropout is currently non-functional in our block.,Education & Digital Access,Student Attendance & Dropout,Government,Medium,Persistent,No,None
SS00750,"Pichle 10 din se student attendance & dropout ka problem hai, kripya departmental staff ko inspection ke liye bheje.",Education & Digital Access,Student Attendance & Dropout,Government,High,Occasional,No,None
SS00751,हमारे पंचायत में student attendance & dropout से संबंधित शिकायत पर कई हफ्तों से कोई कार्रवाई नहीं हुई है।,Education & Digital Access,Student Attendance & Dropout,Government,Medium,Persistent,No,None
SS00752,"student attendance & dropout issue in ward 5, officer not taking call",Education & Digital Access,Student Attendance & Dropout,Government,Low,Occasional,No,None
SS00753,student attendance & dropout is broken n not wrking properly plzz resolve,Education & Digital Access,Student Attendance & Dropout,Government,Medium,Occasional,No,None
SS00754,Block level grievance filed for student attendance & dropout last month but service is still pending.,Education & Digital Access,Student Attendance & Dropout,Government,Low,One-time,No,None
SS00755,Urgent maintenance team required for student attendance & dropout near community market place.,Education & Digital Access,Student Attendance & Dropout,Government,High,One-time,No,None
SS00756,We need an automated digital technology system for predictive dropout risk analytics & attendance ai to monitor this issue continuously.,Education & Digital Access,Student Attendance & Dropout,Innovation,Medium,Recurring,Yes,Predictive Dropout Risk Analytics & Attendance AI
SS00757,Is problem ko permanently solve karne ke liye predictive dropout risk analytics & attendance ai ka low-cost sensor prototype chahiye.,Education & Digital Access,Student Attendance & Dropout,Innovation,Medium,Occasional,Yes,Predictive Dropout Risk Analytics & Attendance AI
SS00758,नवीनतम तकनीक और predictive dropout risk analytics & attendance ai के माध्यम से इस समस्या का स्वचालित समाधान किया जाना चाहिए।,Education & Digital Access,Student Attendance & Dropout,Innovation,High,Recurring,Yes,Predictive Dropout Risk Analytics & Attendance AI
SS00759,need AI and IoT smart solution for predictive dropout risk analytics & attendance ai,Education & Digital Access,Student Attendance & Dropout,Innovation,Low,One-time,Yes,Predictive Dropout Risk Analytics & Attendance AI
SS00760,Developing an offline smart system for predictive dropout risk analytics & attendance ai will eliminate manual delays.,Education & Digital Access,Student Attendance & Dropout,Innovation,Medium,Occasional,Yes,Predictive Dropout Risk Analytics & Attendance AI
SS00761,Abhi तुरंत department emergency team bheje aur future ke liye predictive dropout risk analytics & attendance ai ka early warning technology setup karein.,Education & Digital Access,Student Attendance & Dropout,Hybrid,High,Recurring,Yes,Predictive Dropout Risk Analytics & Attendance AI
SS00762,Har monsoon/season ye issue hota hai. Immediate repair along with long-term implementation of predictive dropout risk analytics & attendance ai.,Education & Digital Access,Student Attendance & Dropout,Hybrid,High,Persistent,Yes,Predictive Dropout Risk Analytics & Attendance AI
SS00763,प्रशासन से तुरंत सहायता भेजी जाए तथा भविष्य के लिए predictive dropout risk analytics & attendance ai का आधुनिक डिजिटल मॉडल भी विकसित किया जाए।,Education & Digital Access,Student Attendance & Dropout,Hybrid,High,Recurring,Yes,Predictive Dropout Risk Analytics & Attendance AI
SS00764,urgent govt inspection today n smart AI tech for predictive dropout risk analytics & attendance ai for future plzz,Education & Digital Access,Student Attendance & Dropout,Hybrid,High,Recurring,Yes,Predictive Dropout Risk Analytics & Attendance AI
SS00765,"Immediate administrative intervention needed now, accompanied by a university research solution for predictive dropout risk analytics & attendance ai.",Education & Digital Access,Student Attendance & Dropout,Hybrid,Medium,Occasional,Yes,Predictive Dropout Risk Analytics & Attendance AI
SS00766,The administrative service for digital learning access is currently non-functional in our block.,Education & Digital Access,Digital Learning Access,Government,Medium,Persistent,No,None
SS00767,"Pichle 10 din se digital learning access ka problem hai, kripya departmental staff ko inspection ke liye bheje.",Education & Digital Access,Digital Learning Access,Government,High,Occasional,No,None
SS00768,हमारे पंचायत में digital learning access से संबंधित शिकायत पर कई हफ्तों से कोई कार्रवाई नहीं हुई है।,Education & Digital Access,Digital Learning Access,Government,Medium,Persistent,No,None
SS00769,"digital learning access issue in ward 5, officer not taking call",Education & Digital Access,Digital Learning Access,Government,Low,Occasional,No,None
SS00770,digital learning access is broken n not wrking properly plzz resolve,Education & Digital Access,Digital Learning Access,Government,Medium,Occasional,No,None
SS00771,Block level grievance filed for digital learning access last month but service is still pending.,Education & Digital Access,Digital Learning Access,Government,Low,One-time,No,None
SS00772,Urgent maintenance team required for digital learning access near community market place.,Education & Digital Access,Digital Learning Access,Government,High,One-time,No,None
SS00773,We need an automated digital technology system for offline sync digital educational hubs to monitor this issue continuously.,Education & Digital Access,Digital Learning Access,Innovation,Medium,Recurring,Yes,Offline Sync Digital Educational Hubs
SS00774,Is problem ko permanently solve karne ke liye offline sync digital educational hubs ka low-cost sensor prototype chahiye.,Education & Digital Access,Digital Learning Access,Innovation,Medium,Occasional,Yes,Offline Sync Digital Educational Hubs
SS00775,नवीनतम तकनीक और offline sync digital educational hubs के माध्यम से इस समस्या का स्वचालित समाधान किया जाना चाहिए।,Education & Digital Access,Digital Learning Access,Innovation,High,Recurring,Yes,Offline Sync Digital Educational Hubs
SS00776,need AI and IoT smart solution for offline sync digital educational hubs,Education & Digital Access,Digital Learning Access,Innovation,Low,One-time,Yes,Offline Sync Digital Educational Hubs
SS00777,Developing an offline smart system for offline sync digital educational hubs will eliminate manual delays.,Education & Digital Access,Digital Learning Access,Innovation,Medium,Occasional,Yes,Offline Sync Digital Educational Hubs
SS00778,Abhi तुरंत department emergency team bheje aur future ke liye offline sync digital educational hubs ka early warning technology setup karein.,Education & Digital Access,Digital Learning Access,Hybrid,High,Recurring,Yes,Offline Sync Digital Educational Hubs
SS00779,Har monsoon/season ye issue hota hai. Immediate repair along with long-term implementation of offline sync digital educational hubs.,Education & Digital Access,Digital Learning Access,Hybrid,High,Persistent,Yes,Offline Sync Digital Educational Hubs
SS00780,प्रशासन से तुरंत सहायता भेजी जाए तथा भविष्य के लिए offline sync digital educational hubs का आधुनिक डिजिटल मॉडल भी विकसित किया जाए।,Education & Digital Access,Digital Learning Access,Hybrid,High,Recurring,Yes,Offline Sync Digital Educational Hubs
SS00781,urgent govt inspection today n smart AI tech for offline sync digital educational hubs for future plzz,Education & Digital Access,Digital Learning Access,Hybrid,High,Recurring,Yes,Offline Sync Digital Educational Hubs
SS00782,"Immediate administrative intervention needed now, accompanied by a university research solution for offline sync digital educational hubs.",Education & Digital Access,Digital Learning Access,Hybrid,Medium,Occasional,Yes,Offline Sync Digital Educational Hubs
SS00783,The administrative service for electricity & internet in schools is currently non-functional in our block.,Education & Digital Access,Electricity & Internet in Schools,Government,Medium,Persistent,No,None
SS00784,"Pichle 10 din se electricity & internet in schools ka problem hai, kripya departmental staff ko inspection ke liye bheje.",Education & Digital Access,Electricity & Internet in Schools,Government,High,Occasional,No,None
SS00785,हमारे पंचायत में electricity & internet in schools से संबंधित शिकायत पर कई हफ्तों से कोई कार्रवाई नहीं हुई है।,Education & Digital Access,Electricity & Internet in Schools,Government,Medium,Persistent,No,None
SS00786,"electricity & internet in schools issue in ward 5, officer not taking call",Education & Digital Access,Electricity & Internet in Schools,Government,Low,Occasional,No,None
SS00787,electricity & internet in schools is broken n not wrking properly plzz resolve,Education & Digital Access,Electricity & Internet in Schools,Government,Medium,Occasional,No,None
SS00788,Block level grievance filed for electricity & internet in schools last month but service is still pending.,Education & Digital Access,Electricity & Internet in Schools,Government,Low,One-time,No,None
SS00789,Urgent maintenance team required for electricity & internet in schools near community market place.,Education & Digital Access,Electricity & Internet in Schools,Government,High,One-time,No,None
SS00790,We need an automated digital technology system for low-power long-range rural mesh internet to monitor this issue continuously.,Education & Digital Access,Electricity & Internet in Schools,Innovation,Medium,Recurring,Yes,Low-Power Long-Range Rural Mesh Internet
SS00791,Is problem ko permanently solve karne ke liye low-power long-range rural mesh internet ka low-cost sensor prototype chahiye.,Education & Digital Access,Electricity & Internet in Schools,Innovation,Medium,Occasional,Yes,Low-Power Long-Range Rural Mesh Internet
SS00792,नवीनतम तकनीक और low-power long-range rural mesh internet के माध्यम से इस समस्या का स्वचालित समाधान किया जाना चाहिए।,Education & Digital Access,Electricity & Internet in Schools,Innovation,High,Recurring,Yes,Low-Power Long-Range Rural Mesh Internet
SS00793,need AI and IoT smart solution for low-power long-range rural mesh internet,Education & Digital Access,Electricity & Internet in Schools,Innovation,Low,One-time,Yes,Low-Power Long-Range Rural Mesh Internet
SS00794,Developing an offline smart system for low-power long-range rural mesh internet will eliminate manual delays.,Education & Digital Access,Electricity & Internet in Schools,Innovation,Medium,Occasional,Yes,Low-Power Long-Range Rural Mesh Internet
SS00795,Abhi तुरंत department emergency team bheje aur future ke liye low-power long-range rural mesh internet ka early warning technology setup karein.,Education & Digital Access,Electricity & Internet in Schools,Hybrid,High,Recurring,Yes,Low-Power Long-Range Rural Mesh Internet
SS00796,Har monsoon/season ye issue hota hai. Immediate repair along with long-term implementation of low-power long-range rural mesh internet.,Education & Digital Access,Electricity & Internet in Schools,Hybrid,High,Persistent,Yes,Low-Power Long-Range Rural Mesh Internet
SS00797,प्रशासन से तुरंत सहायता भेजी जाए तथा भविष्य के लिए low-power long-range rural mesh internet का आधुनिक डिजिटल मॉडल भी विकसित किया जाए।,Education & Digital Access,Electricity & Internet in Schools,Hybrid,High,Recurring,Yes,Low-Power Long-Range Rural Mesh Internet
SS00798,urgent govt inspection today n smart AI tech for low-power long-range rural mesh internet for future plzz,Education & Digital Access,Electricity & Internet in Schools,Hybrid,High,Recurring,Yes,Low-Power Long-Range Rural Mesh Internet
SS00799,"Immediate administrative intervention needed now, accompanied by a university research solution for low-power long-range rural mesh internet.",Education & Digital Access,Electricity & Internet in Schools,Hybrid,Medium,Occasional,Yes,Low-Power Long-Range Rural Mesh Internet
SS00800,The administrative service for skill development is currently non-functional in our block.,Education & Digital Access,Skill Development,Government,Medium,Persistent,No,None
SS00801,"Pichle 10 din se skill development ka problem hai, kripya departmental staff ko inspection ke liye bheje.",Education & Digital Access,Skill Development,Government,High,Occasional,No,None
SS00802,हमारे पंचायत में skill development से संबंधित शिकायत पर कई हफ्तों से कोई कार्रवाई नहीं हुई है।,Education & Digital Access,Skill Development,Government,Medium,Persistent,No,None
SS00803,"skill development issue in ward 5, officer not taking call",Education & Digital Access,Skill Development,Government,Low,Occasional,No,None
SS00804,skill development is broken n not wrking properly plzz resolve,Education & Digital Access,Skill Development,Government,Medium,Occasional,No,None
SS00805,Block level grievance filed for skill development last month but service is still pending.,Education & Digital Access,Skill Development,Government,Low,One-time,No,None
SS00806,Urgent maintenance team required for skill development near community market place.,Education & Digital Access,Skill Development,Government,High,One-time,No,None
SS00807,We need an automated digital technology system for ar/vr vocational & technical trade simulator to monitor this issue continuously.,Education & Digital Access,Skill Development,Innovation,Medium,Recurring,Yes,AR/VR Vocational & Technical Trade Simulator
SS00808,Is problem ko permanently solve karne ke liye ar/vr vocational & technical trade simulator ka low-cost sensor prototype chahiye.,Education & Digital Access,Skill Development,Innovation,Medium,Occasional,Yes,AR/VR Vocational & Technical Trade Simulator
SS00809,नवीनतम तकनीक और ar/vr vocational & technical trade simulator के माध्यम से इस समस्या का स्वचालित समाधान किया जाना चाहिए।,Education & Digital Access,Skill Development,Innovation,High,Recurring,Yes,AR/VR Vocational & Technical Trade Simulator
SS00810,need AI and IoT smart solution for ar/vr vocational & technical trade simulator,Education & Digital Access,Skill Development,Innovation,Low,One-time,Yes,AR/VR Vocational & Technical Trade Simulator
SS00811,Developing an offline smart system for ar/vr vocational & technical trade simulator will eliminate manual delays.,Education & Digital Access,Skill Development,Innovation,Medium,Occasional,Yes,AR/VR Vocational & Technical Trade Simulator
SS00812,Abhi तुरंत department emergency team bheje aur future ke liye ar/vr vocational & technical trade simulator ka early warning technology setup karein.,Education & Digital Access,Skill Development,Hybrid,High,Recurring,Yes,AR/VR Vocational & Technical Trade Simulator
SS00813,Har monsoon/season ye issue hota hai. Immediate repair along with long-term implementation of ar/vr vocational & technical trade simulator.,Education & Digital Access,Skill Development,Hybrid,High,Persistent,Yes,AR/VR Vocational & Technical Trade Simulator
SS00814,प्रशासन से तुरंत सहायता भेजी जाए तथा भविष्य के लिए ar/vr vocational & technical trade simulator का आधुनिक डिजिटल मॉडल भी विकसित किया जाए।,Education & Digital Access,Skill Development,Hybrid,High,Recurring,Yes,AR/VR Vocational & Technical Trade Simulator
SS00815,urgent govt inspection today n smart AI tech for ar/vr vocational & technical trade simulator for future plzz,Education & Digital Access,Skill Development,Hybrid,High,Recurring,Yes,AR/VR Vocational & Technical Trade Simulator
SS00816,"Immediate administrative intervention needed now, accompanied by a university research solution for ar/vr vocational & technical trade simulator.",Education & Digital Access,Skill Development,Hybrid,Medium,Occasional,Yes,AR/VR Vocational & Technical Trade Simulator
SS00817,The administrative service for assistive & inclusive education is currently non-functional in our block.,Education & Digital Access,Assistive & Inclusive Education,Government,Medium,Persistent,No,None
SS00818,"Pichle 10 din se assistive & inclusive education ka problem hai, kripya departmental staff ko inspection ke liye bheje.",Education & Digital Access,Assistive & Inclusive Education,Government,High,Occasional,No,None
SS00819,हमारे पंचायत में assistive & inclusive education से संबंधित शिकायत पर कई हफ्तों से कोई कार्रवाई नहीं हुई है।,Education & Digital Access,Assistive & Inclusive Education,Government,Medium,Persistent,No,None
SS00820,"assistive & inclusive education issue in ward 5, officer not taking call",Education & Digital Access,Assistive & Inclusive Education,Government,Low,Occasional,No,None
SS00821,assistive & inclusive education is broken n not wrking properly plzz resolve,Education & Digital Access,Assistive & Inclusive Education,Government,Medium,Occasional,No,None
SS00822,Block level grievance filed for assistive & inclusive education last month but service is still pending.,Education & Digital Access,Assistive & Inclusive Education,Government,Low,One-time,No,None
SS00823,Urgent maintenance team required for assistive & inclusive education near community market place.,Education & Digital Access,Assistive & Inclusive Education,Government,High,One-time,No,None
SS00824,We need an automated digital technology system for ai braille & audio assistive reader for disabled to monitor this issue continuously.,Education & Digital Access,Assistive & Inclusive Education,Innovation,Medium,Recurring,Yes,AI Braille & Audio Assistive Reader for Disabled
SS00825,Is problem ko permanently solve karne ke liye ai braille & audio assistive reader for disabled ka low-cost sensor prototype chahiye.,Education & Digital Access,Assistive & Inclusive Education,Innovation,Medium,Occasional,Yes,AI Braille & Audio Assistive Reader for Disabled
SS00826,नवीनतम तकनीक और ai braille & audio assistive reader for disabled के माध्यम से इस समस्या का स्वचालित समाधान किया जाना चाहिए।,Education & Digital Access,Assistive & Inclusive Education,Innovation,High,Recurring,Yes,AI Braille & Audio Assistive Reader for Disabled
SS00827,need AI and IoT smart solution for ai braille & audio assistive reader for disabled,Education & Digital Access,Assistive & Inclusive Education,Innovation,Low,One-time,Yes,AI Braille & Audio Assistive Reader for Disabled
SS00828,Developing an offline smart system for ai braille & audio assistive reader for disabled will eliminate manual delays.,Education & Digital Access,Assistive & Inclusive Education,Innovation,Medium,Occasional,Yes,AI Braille & Audio Assistive Reader for Disabled
SS00829,Abhi तुरंत department emergency team bheje aur future ke liye ai braille & audio assistive reader for disabled ka early warning technology setup karein.,Education & Digital Access,Assistive & Inclusive Education,Hybrid,High,Recurring,Yes,AI Braille & Audio Assistive Reader for Disabled
SS00830,Har monsoon/season ye issue hota hai. Immediate repair along with long-term implementation of ai braille & audio assistive reader for disabled.,Education & Digital Access,Assistive & Inclusive Education,Hybrid,High,Persistent,Yes,AI Braille & Audio Assistive Reader for Disabled
SS00831,प्रशासन से तुरंत सहायता भेजी जाए तथा भविष्य के लिए ai braille & audio assistive reader for disabled का आधुनिक डिजिटल मॉडल भी विकसित किया जाए।,Education & Digital Access,Assistive & Inclusive Education,Hybrid,High,Recurring,Yes,AI Braille & Audio Assistive Reader for Disabled
SS00832,urgent govt inspection today n smart AI tech for ai braille & audio assistive reader for disabled for future plzz,Education & Digital Access,Assistive & Inclusive Education,Hybrid,High,Recurring,Yes,AI Braille & Audio Assistive Reader for Disabled
SS00833,"Immediate administrative intervention needed now, accompanied by a university research solution for ai braille & audio assistive reader for disabled.",Education & Digital Access,Assistive & Inclusive Education,Hybrid,Medium,Occasional,Yes,AI Braille & Audio Assistive Reader for Disabled
SS00834,The administrative service for air pollution is currently non-functional in our block.,Environment & Natural Resources,Air Pollution,Government,Medium,Persistent,No,None
SS00835,"Pichle 10 din se air pollution ka problem hai, kripya departmental staff ko inspection ke liye bheje.",Environment & Natural Resources,Air Pollution,Government,High,Occasional,No,None
SS00836,हमारे पंचायत में air pollution से संबंधित शिकायत पर कई हफ्तों से कोई कार्रवाई नहीं हुई है।,Environment & Natural Resources,Air Pollution,Government,Medium,Persistent,No,None
SS00837,"air pollution issue in ward 5, officer not taking call",Environment & Natural Resources,Air Pollution,Government,Low,Occasional,No,None
SS00838,air pollution is broken n not wrking properly plzz resolve,Environment & Natural Resources,Air Pollution,Government,Medium,Occasional,No,None
SS00839,Block level grievance filed for air pollution last month but service is still pending.,Environment & Natural Resources,Air Pollution,Government,Low,One-time,No,None
SS00840,Urgent maintenance team required for air pollution near community market place.,Environment & Natural Resources,Air Pollution,Government,High,One-time,No,None
SS00841,We need an automated digital technology system for hyperlocal optical air quality sensing network to monitor this issue continuously.,Environment & Natural Resources,Air Pollution,Innovation,Medium,Recurring,Yes,Hyperlocal Optical Air Quality Sensing Network
SS00842,Is problem ko permanently solve karne ke liye hyperlocal optical air quality sensing network ka low-cost sensor prototype chahiye.,Environment & Natural Resources,Air Pollution,Innovation,Medium,Occasional,Yes,Hyperlocal Optical Air Quality Sensing Network
SS00843,नवीनतम तकनीक और hyperlocal optical air quality sensing network के माध्यम से इस समस्या का स्वचालित समाधान किया जाना चाहिए।,Environment & Natural Resources,Air Pollution,Innovation,High,Recurring,Yes,Hyperlocal Optical Air Quality Sensing Network
SS00844,need AI and IoT smart solution for hyperlocal optical air quality sensing network,Environment & Natural Resources,Air Pollution,Innovation,Low,One-time,Yes,Hyperlocal Optical Air Quality Sensing Network
SS00845,Developing an offline smart system for hyperlocal optical air quality sensing network will eliminate manual delays.,Environment & Natural Resources,Air Pollution,Innovation,Medium,Occasional,Yes,Hyperlocal Optical Air Quality Sensing Network
SS00846,Abhi तुरंत department emergency team bheje aur future ke liye hyperlocal optical air quality sensing network ka early warning technology setup karein.,Environment & Natural Resources,Air Pollution,Hybrid,High,Recurring,Yes,Hyperlocal Optical Air Quality Sensing Network
SS00847,Har monsoon/season ye issue hota hai. Immediate repair along with long-term implementation of hyperlocal optical air quality sensing network.,Environment & Natural Resources,Air Pollution,Hybrid,High,Persistent,Yes,Hyperlocal Optical Air Quality Sensing Network
SS00848,प्रशासन से तुरंत सहायता भेजी जाए तथा भविष्य के लिए hyperlocal optical air quality sensing network का आधुनिक डिजिटल मॉडल भी विकसित किया जाए।,Environment & Natural Resources,Air Pollution,Hybrid,High,Recurring,Yes,Hyperlocal Optical Air Quality Sensing Network
SS00849,urgent govt inspection today n smart AI tech for hyperlocal optical air quality sensing network for future plzz,Environment & Natural Resources,Air Pollution,Hybrid,High,Recurring,Yes,Hyperlocal Optical Air Quality Sensing Network
SS00850,"Immediate administrative intervention needed now, accompanied by a university research solution for hyperlocal optical air quality sensing network.",Environment & Natural Resources,Air Pollution,Hybrid,Medium,Occasional,Yes,Hyperlocal Optical Air Quality Sensing Network
SS00851,The administrative service for water pollution is currently non-functional in our block.,Environment & Natural Resources,Water Pollution,Government,Medium,Persistent,No,None
SS00852,"Pichle 10 din se water pollution ka problem hai, kripya departmental staff ko inspection ke liye bheje.",Environment & Natural Resources,Water Pollution,Government,High,Occasional,No,None
SS00853,हमारे पंचायत में water pollution से संबंधित शिकायत पर कई हफ्तों से कोई कार्रवाई नहीं हुई है।,Environment & Natural Resources,Water Pollution,Government,Medium,Persistent,No,None
SS00854,"water pollution issue in ward 5, officer not taking call",Environment & Natural Resources,Water Pollution,Government,Low,Occasional,No,None
SS00855,water pollution is broken n not wrking properly plzz resolve,Environment & Natural Resources,Water Pollution,Government,Medium,Occasional,No,None
SS00856,Block level grievance filed for water pollution last month but service is still pending.,Environment & Natural Resources,Water Pollution,Government,Low,One-time,No,None
SS00857,Urgent maintenance team required for water pollution near community market place.,Environment & Natural Resources,Water Pollution,Government,High,One-time,No,None
SS00858,We need an automated digital technology system for autonomous water quality monitoring boats to monitor this issue continuously.,Environment & Natural Resources,Water Pollution,Innovation,Medium,Recurring,Yes,Autonomous Water Quality Monitoring Boats
SS00859,Is problem ko permanently solve karne ke liye autonomous water quality monitoring boats ka low-cost sensor prototype chahiye.,Environment & Natural Resources,Water Pollution,Innovation,Medium,Occasional,Yes,Autonomous Water Quality Monitoring Boats
SS00860,नवीनतम तकनीक और autonomous water quality monitoring boats के माध्यम से इस समस्या का स्वचालित समाधान किया जाना चाहिए।,Environment & Natural Resources,Water Pollution,Innovation,High,Recurring,Yes,Autonomous Water Quality Monitoring Boats
SS00861,need AI and IoT smart solution for autonomous water quality monitoring boats,Environment & Natural Resources,Water Pollution,Innovation,Low,One-time,Yes,Autonomous Water Quality Monitoring Boats
SS00862,Developing an offline smart system for autonomous water quality monitoring boats will eliminate manual delays.,Environment & Natural Resources,Water Pollution,Innovation,Medium,Occasional,Yes,Autonomous Water Quality Monitoring Boats
SS00863,Abhi तुरंत department emergency team bheje aur future ke liye autonomous water quality monitoring boats ka early warning technology setup karein.,Environment & Natural Resources,Water Pollution,Hybrid,High,Recurring,Yes,Autonomous Water Quality Monitoring Boats
SS00864,Har monsoon/season ye issue hota hai. Immediate repair along with long-term implementation of autonomous water quality monitoring boats.,Environment & Natural Resources,Water Pollution,Hybrid,High,Persistent,Yes,Autonomous Water Quality Monitoring Boats
SS00865,प्रशासन से तुरंत सहायता भेजी जाए तथा भविष्य के लिए autonomous water quality monitoring boats का आधुनिक डिजिटल मॉडल भी विकसित किया जाए।,Environment & Natural Resources,Water Pollution,Hybrid,High,Recurring,Yes,Autonomous Water Quality Monitoring Boats
SS00866,urgent govt inspection today n smart AI tech for autonomous water quality monitoring boats for future plzz,Environment & Natural Resources,Water Pollution,Hybrid,High,Recurring,Yes,Autonomous Water Quality Monitoring Boats
SS00867,"Immediate administrative intervention needed now, accompanied by a university research solution for autonomous water quality monitoring boats.",Environment & Natural Resources,Water Pollution,Hybrid,Medium,Occasional,Yes,Autonomous Water Quality Monitoring Boats
SS00868,The administrative service for forest & tree cover is currently non-functional in our block.,Environment & Natural Resources,Forest & Tree Cover,Government,Medium,Persistent,No,None
SS00869,"Pichle 10 din se forest & tree cover ka problem hai, kripya departmental staff ko inspection ke liye bheje.",Environment & Natural Resources,Forest & Tree Cover,Government,High,Occasional,No,None
SS00870,हमारे पंचायत में forest & tree cover से संबंधित शिकायत पर कई हफ्तों से कोई कार्रवाई नहीं हुई है।,Environment & Natural Resources,Forest & Tree Cover,Government,Medium,Persistent,No,None
SS00871,"forest & tree cover issue in ward 5, officer not taking call",Environment & Natural Resources,Forest & Tree Cover,Government,Low,Occasional,No,None
SS00872,forest & tree cover is broken n not wrking properly plzz resolve,Environment & Natural Resources,Forest & Tree Cover,Government,Medium,Occasional,No,None
SS00873,Block level grievance filed for forest & tree cover last month but service is still pending.,Environment & Natural Resources,Forest & Tree Cover,Government,Low,One-time,No,None
SS00874,Urgent maintenance team required for forest & tree cover near community market place.,Environment & Natural Resources,Forest & Tree Cover,Government,High,One-time,No,None
SS00875,We need an automated digital technology system for satellite & drone forest canopy degradation alert to monitor this issue continuously.,Environment & Natural Resources,Forest & Tree Cover,Innovation,Medium,Recurring,Yes,Satellite & Drone Forest Canopy Degradation Alert
SS00876,Is problem ko permanently solve karne ke liye satellite & drone forest canopy degradation alert ka low-cost sensor prototype chahiye.,Environment & Natural Resources,Forest & Tree Cover,Innovation,Medium,Occasional,Yes,Satellite & Drone Forest Canopy Degradation Alert
SS00877,नवीनतम तकनीक और satellite & drone forest canopy degradation alert के माध्यम से इस समस्या का स्वचालित समाधान किया जाना चाहिए।,Environment & Natural Resources,Forest & Tree Cover,Innovation,High,Recurring,Yes,Satellite & Drone Forest Canopy Degradation Alert
SS00878,need AI and IoT smart solution for satellite & drone forest canopy degradation alert,Environment & Natural Resources,Forest & Tree Cover,Innovation,Low,One-time,Yes,Satellite & Drone Forest Canopy Degradation Alert
SS00879,Developing an offline smart system for satellite & drone forest canopy degradation alert will eliminate manual delays.,Environment & Natural Resources,Forest & Tree Cover,Innovation,Medium,Occasional,Yes,Satellite & Drone Forest Canopy Degradation Alert
SS00880,Abhi तुरंत department emergency team bheje aur future ke liye satellite & drone forest canopy degradation alert ka early warning technology setup karein.,Environment & Natural Resources,Forest & Tree Cover,Hybrid,High,Recurring,Yes,Satellite & Drone Forest Canopy Degradation Alert
SS00881,Har monsoon/season ye issue hota hai. Immediate repair along with long-term implementation of satellite & drone forest canopy degradation alert.,Environment & Natural Resources,Forest & Tree Cover,Hybrid,High,Persistent,Yes,Satellite & Drone Forest Canopy Degradation Alert
SS00882,प्रशासन से तुरंत सहायता भेजी जाए तथा भविष्य के लिए satellite & drone forest canopy degradation alert का आधुनिक डिजिटल मॉडल भी विकसित किया जाए।,Environment & Natural Resources,Forest & Tree Cover,Hybrid,High,Recurring,Yes,Satellite & Drone Forest Canopy Degradation Alert
SS00883,urgent govt inspection today n smart AI tech for satellite & drone forest canopy degradation alert for future plzz,Environment & Natural Resources,Forest & Tree Cover,Hybrid,High,Recurring,Yes,Satellite & Drone Forest Canopy Degradation Alert
SS00884,"Immediate administrative intervention needed now, accompanied by a university research solution for satellite & drone forest canopy degradation alert.",Environment & Natural Resources,Forest & Tree Cover,Hybrid,Medium,Occasional,Yes,Satellite & Drone Forest Canopy Degradation Alert
SS00885,The administrative service for soil & land degradation is currently non-functional in our block.,Environment & Natural Resources,Soil & Land Degradation,Government,Medium,Persistent,No,None
SS00886,"Pichle 10 din se soil & land degradation ka problem hai, kripya departmental staff ko inspection ke liye bheje.",Environment & Natural Resources,Soil & Land Degradation,Government,High,Occasional,No,None
SS00887,हमारे पंचायत में soil & land degradation से संबंधित शिकायत पर कई हफ्तों से कोई कार्रवाई नहीं हुई है।,Environment & Natural Resources,Soil & Land Degradation,Government,Medium,Persistent,No,None
SS00888,"soil & land degradation issue in ward 5, officer not taking call",Environment & Natural Resources,Soil & Land Degradation,Government,Low,Occasional,No,None
SS00889,soil & land degradation is broken n not wrking properly plzz resolve,Environment & Natural Resources,Soil & Land Degradation,Government,Medium,Occasional,No,None
SS00890,Block level grievance filed for soil & land degradation last month but service is still pending.,Environment & Natural Resources,Soil & Land Degradation,Government,Low,One-time,No,None
SS00891,Urgent maintenance team required for soil & land degradation near community market place.,Environment & Natural Resources,Soil & Land Degradation,Government,High,One-time,No,None
SS00892,We need an automated digital technology system for bio-remediation & soil stabilization bio-tech to monitor this issue continuously.,Environment & Natural Resources,Soil & Land Degradation,Innovation,Medium,Recurring,Yes,Bio-Remediation & Soil Stabilization Bio-Tech
SS00893,Is problem ko permanently solve karne ke liye bio-remediation & soil stabilization bio-tech ka low-cost sensor prototype chahiye.,Environment & Natural Resources,Soil & Land Degradation,Innovation,Medium,Occasional,Yes,Bio-Remediation & Soil Stabilization Bio-Tech
SS00894,नवीनतम तकनीक और bio-remediation & soil stabilization bio-tech के माध्यम से इस समस्या का स्वचालित समाधान किया जाना चाहिए।,Environment & Natural Resources,Soil & Land Degradation,Innovation,High,Recurring,Yes,Bio-Remediation & Soil Stabilization Bio-Tech
SS00895,need AI and IoT smart solution for bio-remediation & soil stabilization bio-tech,Environment & Natural Resources,Soil & Land Degradation,Innovation,Low,One-time,Yes,Bio-Remediation & Soil Stabilization Bio-Tech
SS00896,Developing an offline smart system for bio-remediation & soil stabilization bio-tech will eliminate manual delays.,Environment & Natural Resources,Soil & Land Degradation,Innovation,Medium,Occasional,Yes,Bio-Remediation & Soil Stabilization Bio-Tech
SS00897,Abhi तुरंत department emergency team bheje aur future ke liye bio-remediation & soil stabilization bio-tech ka early warning technology setup karein.,Environment & Natural Resources,Soil & Land Degradation,Hybrid,High,Recurring,Yes,Bio-Remediation & Soil Stabilization Bio-Tech
SS00898,Har monsoon/season ye issue hota hai. Immediate repair along with long-term implementation of bio-remediation & soil stabilization bio-tech.,Environment & Natural Resources,Soil & Land Degradation,Hybrid,High,Persistent,Yes,Bio-Remediation & Soil Stabilization Bio-Tech
SS00899,प्रशासन से तुरंत सहायता भेजी जाए तथा भविष्य के लिए bio-remediation & soil stabilization bio-tech का आधुनिक डिजिटल मॉडल भी विकसित किया जाए।,Environment & Natural Resources,Soil & Land Degradation,Hybrid,High,Recurring,Yes,Bio-Remediation & Soil Stabilization Bio-Tech
SS00900,urgent govt inspection today n smart AI tech for bio-remediation & soil stabilization bio-tech for future plzz,Environment & Natural Resources,Soil & Land Degradation,Hybrid,High,Recurring,Yes,Bio-Remediation & Soil Stabilization Bio-Tech
SS00901,"Immediate administrative intervention needed now, accompanied by a university research solution for bio-remediation & soil stabilization bio-tech.",Environment & Natural Resources,Soil & Land Degradation,Hybrid,Medium,Occasional,Yes,Bio-Remediation & Soil Stabilization Bio-Tech
SS00902,The administrative service for mining-related environmental issues is currently non-functional in our block.,Environment & Natural Resources,Mining-Related Environmental Issues,Government,Medium,Persistent,No,None
SS00903,"Pichle 10 din se mining-related environmental issues ka problem hai, kripya departmental staff ko inspection ke liye bheje.",Environment & Natural Resources,Mining-Related Environmental Issues,Government,High,Occasional,No,None
SS00904,हमारे पंचायत में mining-related environmental issues से संबंधित शिकायत पर कई हफ्तों से कोई कार्रवाई नहीं हुई है।,Environment & Natural Resources,Mining-Related Environmental Issues,Government,Medium,Persistent,No,None
SS00905,"mining-related environmental issues issue in ward 5, officer not taking call",Environment & Natural Resources,Mining-Related Environmental Issues,Government,Low,Occasional,No,None
SS00906,mining-related environmental issues is broken n not wrking properly plzz resolve,Environment & Natural Resources,Mining-Related Environmental Issues,Government,Medium,Occasional,No,None
SS00907,Block level grievance filed for mining-related environmental issues last month but service is still pending.,Environment & Natural Resources,Mining-Related Environmental Issues,Government,Low,One-time,No,None
SS00908,Urgent maintenance team required for mining-related environmental issues near community market place.,Environment & Natural Resources,Mining-Related Environmental Issues,Government,High,One-time,No,None
SS00909,We need an automated digital technology system for real-time coal dust & tailings dam monitoring to monitor this issue continuously.,Environment & Natural Resources,Mining-Related Environmental Issues,Innovation,Medium,Recurring,Yes,Real-Time Coal Dust & Tailings Dam Monitoring
SS00910,Is problem ko permanently solve karne ke liye real-time coal dust & tailings dam monitoring ka low-cost sensor prototype chahiye.,Environment & Natural Resources,Mining-Related Environmental Issues,Innovation,Medium,Occasional,Yes,Real-Time Coal Dust & Tailings Dam Monitoring
SS00911,नवीनतम तकनीक और real-time coal dust & tailings dam monitoring के माध्यम से इस समस्या का स्वचालित समाधान किया जाना चाहिए।,Environment & Natural Resources,Mining-Related Environmental Issues,Innovation,High,Recurring,Yes,Real-Time Coal Dust & Tailings Dam Monitoring
SS00912,need AI and IoT smart solution for real-time coal dust & tailings dam monitoring,Environment & Natural Resources,Mining-Related Environmental Issues,Innovation,Low,One-time,Yes,Real-Time Coal Dust & Tailings Dam Monitoring
SS00913,Developing an offline smart system for real-time coal dust & tailings dam monitoring will eliminate manual delays.,Environment & Natural Resources,Mining-Related Environmental Issues,Innovation,Medium,Occasional,Yes,Real-Time Coal Dust & Tailings Dam Monitoring
SS00914,Abhi तुरंत department emergency team bheje aur future ke liye real-time coal dust & tailings dam monitoring ka early warning technology setup karein.,Environment & Natural Resources,Mining-Related Environmental Issues,Hybrid,High,Recurring,Yes,Real-Time Coal Dust & Tailings Dam Monitoring
SS00915,Har monsoon/season ye issue hota hai. Immediate repair along with long-term implementation of real-time coal dust & tailings dam monitoring.,Environment & Natural Resources,Mining-Related Environmental Issues,Hybrid,High,Persistent,Yes,Real-Time Coal Dust & Tailings Dam Monitoring
SS00916,प्रशासन से तुरंत सहायता भेजी जाए तथा भविष्य के लिए real-time coal dust & tailings dam monitoring का आधुनिक डिजिटल मॉडल भी विकसित किया जाए।,Environment & Natural Resources,Mining-Related Environmental Issues,Hybrid,High,Recurring,Yes,Real-Time Coal Dust & Tailings Dam Monitoring
SS00917,urgent govt inspection today n smart AI tech for real-time coal dust & tailings dam monitoring for future plzz,Environment & Natural Resources,Mining-Related Environmental Issues,Hybrid,High,Recurring,Yes,Real-Time Coal Dust & Tailings Dam Monitoring
SS00918,"Immediate administrative intervention needed now, accompanied by a university research solution for real-time coal dust & tailings dam monitoring.",Environment & Natural Resources,Mining-Related Environmental Issues,Hybrid,Medium,Occasional,Yes,Real-Time Coal Dust & Tailings Dam Monitoring
SS00919,The administrative service for biodiversity & wildlife is currently non-functional in our block.,Environment & Natural Resources,Biodiversity & Wildlife,Government,Medium,Persistent,No,None
SS00920,"Pichle 10 din se biodiversity & wildlife ka problem hai, kripya departmental staff ko inspection ke liye bheje.",Environment & Natural Resources,Biodiversity & Wildlife,Government,High,Occasional,No,None
SS00921,हमारे पंचायत में biodiversity & wildlife से संबंधित शिकायत पर कई हफ्तों से कोई कार्रवाई नहीं हुई है।,Environment & Natural Resources,Biodiversity & Wildlife,Government,Medium,Persistent,No,None
SS00922,"biodiversity & wildlife issue in ward 5, officer not taking call",Environment & Natural Resources,Biodiversity & Wildlife,Government,Low,Occasional,No,None
SS00923,biodiversity & wildlife is broken n not wrking properly plzz resolve,Environment & Natural Resources,Biodiversity & Wildlife,Government,Medium,Occasional,No,None
SS00924,Block level grievance filed for biodiversity & wildlife last month but service is still pending.,Environment & Natural Resources,Biodiversity & Wildlife,Government,Low,One-time,No,None
SS00925,Urgent maintenance team required for biodiversity & wildlife near community market place.,Environment & Natural Resources,Biodiversity & Wildlife,Government,High,One-time,No,None
SS00926,We need an automated digital technology system for bio-acoustic forest wildlife population monitor to monitor this issue continuously.,Environment & Natural Resources,Biodiversity & Wildlife,Innovation,Medium,Recurring,Yes,Bio-Acoustic Forest Wildlife Population Monitor
SS00927,Is problem ko permanently solve karne ke liye bio-acoustic forest wildlife population monitor ka low-cost sensor prototype chahiye.,Environment & Natural Resources,Biodiversity & Wildlife,Innovation,Medium,Occasional,Yes,Bio-Acoustic Forest Wildlife Population Monitor
SS00928,नवीनतम तकनीक और bio-acoustic forest wildlife population monitor के माध्यम से इस समस्या का स्वचालित समाधान किया जाना चाहिए।,Environment & Natural Resources,Biodiversity & Wildlife,Innovation,High,Recurring,Yes,Bio-Acoustic Forest Wildlife Population Monitor
SS00929,need AI and IoT smart solution for bio-acoustic forest wildlife population monitor,Environment & Natural Resources,Biodiversity & Wildlife,Innovation,Low,One-time,Yes,Bio-Acoustic Forest Wildlife Population Monitor
SS00930,Developing an offline smart system for bio-acoustic forest wildlife population monitor will eliminate manual delays.,Environment & Natural Resources,Biodiversity & Wildlife,Innovation,Medium,Occasional,Yes,Bio-Acoustic Forest Wildlife Population Monitor
SS00931,Abhi तुरंत department emergency team bheje aur future ke liye bio-acoustic forest wildlife population monitor ka early warning technology setup karein.,Environment & Natural Resources,Biodiversity & Wildlife,Hybrid,High,Recurring,Yes,Bio-Acoustic Forest Wildlife Population Monitor
SS00932,Har monsoon/season ye issue hota hai. Immediate repair along with long-term implementation of bio-acoustic forest wildlife population monitor.,Environment & Natural Resources,Biodiversity & Wildlife,Hybrid,High,Persistent,Yes,Bio-Acoustic Forest Wildlife Population Monitor
SS00933,प्रशासन से तुरंत सहायता भेजी जाए तथा भविष्य के लिए bio-acoustic forest wildlife population monitor का आधुनिक डिजिटल मॉडल भी विकसित किया जाए।,Environment & Natural Resources,Biodiversity & Wildlife,Hybrid,High,Recurring,Yes,Bio-Acoustic Forest Wildlife Population Monitor
SS00934,urgent govt inspection today n smart AI tech for bio-acoustic forest wildlife population monitor for future plzz,Environment & Natural Resources,Biodiversity & Wildlife,Hybrid,High,Recurring,Yes,Bio-Acoustic Forest Wildlife Population Monitor
SS00935,"Immediate administrative intervention needed now, accompanied by a university research solution for bio-acoustic forest wildlife population monitor.",Environment & Natural Resources,Biodiversity & Wildlife,Hybrid,Medium,Occasional,Yes,Bio-Acoustic Forest Wildlife Population Monitor
SS00936,The administrative service for climate & environmental monitoring is currently non-functional in our block.,Environment & Natural Resources,Climate & Environmental Monitoring,Government,Medium,Persistent,No,None
SS00937,"Pichle 10 din se climate & environmental monitoring ka problem hai, kripya departmental staff ko inspection ke liye bheje.",Environment & Natural Resources,Climate & Environmental Monitoring,Government,High,Occasional,No,None
SS00938,हमारे पंचायत में climate & environmental monitoring से संबंधित शिकायत पर कई हफ्तों से कोई कार्रवाई नहीं हुई है।,Environment & Natural Resources,Climate & Environmental Monitoring,Government,Medium,Persistent,No,None
SS00939,"climate & environmental monitoring issue in ward 5, officer not taking call",Environment & Natural Resources,Climate & Environmental Monitoring,Government,Low,Occasional,No,None
SS00940,climate & environmental monitoring is broken n not wrking properly plzz resolve,Environment & Natural Resources,Climate & Environmental Monitoring,Government,Medium,Occasional,No,None
SS00941,Block level grievance filed for climate & environmental monitoring last month but service is still pending.,Environment & Natural Resources,Climate & Environmental Monitoring,Government,Low,One-time,No,None
SS00942,Urgent maintenance team required for climate & environmental monitoring near community market place.,Environment & Natural Resources,Climate & Environmental Monitoring,Government,High,One-time,No,None
SS00943,We need an automated digital technology system for micro-climate weather station & rainfall network to monitor this issue continuously.,Environment & Natural Resources,Climate & Environmental Monitoring,Innovation,Medium,Recurring,Yes,Micro-Climate Weather Station & Rainfall Network
SS00944,Is problem ko permanently solve karne ke liye micro-climate weather station & rainfall network ka low-cost sensor prototype chahiye.,Environment & Natural Resources,Climate & Environmental Monitoring,Innovation,Medium,Occasional,Yes,Micro-Climate Weather Station & Rainfall Network
SS00945,नवीनतम तकनीक और micro-climate weather station & rainfall network के माध्यम से इस समस्या का स्वचालित समाधान किया जाना चाहिए।,Environment & Natural Resources,Climate & Environmental Monitoring,Innovation,High,Recurring,Yes,Micro-Climate Weather Station & Rainfall Network
SS00946,need AI and IoT smart solution for micro-climate weather station & rainfall network,Environment & Natural Resources,Climate & Environmental Monitoring,Innovation,Low,One-time,Yes,Micro-Climate Weather Station & Rainfall Network
SS00947,Developing an offline smart system for micro-climate weather station & rainfall network will eliminate manual delays.,Environment & Natural Resources,Climate & Environmental Monitoring,Innovation,Medium,Occasional,Yes,Micro-Climate Weather Station & Rainfall Network
SS00948,Abhi तुरंत department emergency team bheje aur future ke liye micro-climate weather station & rainfall network ka early warning technology setup karein.,Environment & Natural Resources,Climate & Environmental Monitoring,Hybrid,High,Recurring,Yes,Micro-Climate Weather Station & Rainfall Network
SS00949,Har monsoon/season ye issue hota hai. Immediate repair along with long-term implementation of micro-climate weather station & rainfall network.,Environment & Natural Resources,Climate & Environmental Monitoring,Hybrid,High,Persistent,Yes,Micro-Climate Weather Station & Rainfall Network
SS00950,प्रशासन से तुरंत सहायता भेजी जाए तथा भविष्य के लिए micro-climate weather station & rainfall network का आधुनिक डिजिटल मॉडल भी विकसित किया जाए।,Environment & Natural Resources,Climate & Environmental Monitoring,Hybrid,High,Recurring,Yes,Micro-Climate Weather Station & Rainfall Network
SS00951,urgent govt inspection today n smart AI tech for micro-climate weather station & rainfall network for future plzz,Environment & Natural Resources,Climate & Environmental Monitoring,Hybrid,High,Recurring,Yes,Micro-Climate Weather Station & Rainfall Network
SS00952,"Immediate administrative intervention needed now, accompanied by a university research solution for micro-climate weather station & rainfall network.",Environment & Natural Resources,Climate & Environmental Monitoring,Hybrid,Medium,Occasional,Yes,Micro-Climate Weather Station & Rainfall Network
SS00953,The administrative service for public documents & certificates is currently non-functional in our block.,Government Services & Social Welfare,Public Documents & Certificates,Government,Medium,Persistent,No,None
SS00954,"Pichle 10 din se public documents & certificates ka problem hai, kripya departmental staff ko inspection ke liye bheje.",Government Services & Social Welfare,Public Documents & Certificates,Government,High,Occasional,No,None
SS00955,हमारे पंचायत में public documents & certificates से संबंधित शिकायत पर कई हफ्तों से कोई कार्रवाई नहीं हुई है।,Government Services & Social Welfare,Public Documents & Certificates,Government,Medium,Persistent,No,None
SS00956,"public documents & certificates issue in ward 5, officer not taking call",Government Services & Social Welfare,Public Documents & Certificates,Government,Low,Occasional,No,None
SS00957,public documents & certificates is broken n not wrking properly plzz resolve,Government Services & Social Welfare,Public Documents & Certificates,Government,Medium,Occasional,No,None
SS00958,Block level grievance filed for public documents & certificates last month but service is still pending.,Government Services & Social Welfare,Public Documents & Certificates,Government,Low,One-time,No,None
SS00959,Urgent maintenance team required for public documents & certificates near community market place.,Government Services & Social Welfare,Public Documents & Certificates,Government,High,One-time,No,None
SS00960,We need an automated digital technology system for document verification & automated extraction ai to monitor this issue continuously.,Government Services & Social Welfare,Public Documents & Certificates,Innovation,Medium,Recurring,Yes,Document Verification & Automated Extraction AI
SS00961,Is problem ko permanently solve karne ke liye document verification & automated extraction ai ka low-cost sensor prototype chahiye.,Government Services & Social Welfare,Public Documents & Certificates,Innovation,Medium,Occasional,Yes,Document Verification & Automated Extraction AI
SS00962,नवीनतम तकनीक और document verification & automated extraction ai के माध्यम से इस समस्या का स्वचालित समाधान किया जाना चाहिए।,Government Services & Social Welfare,Public Documents & Certificates,Innovation,High,Recurring,Yes,Document Verification & Automated Extraction AI
SS00963,need AI and IoT smart solution for document verification & automated extraction ai,Government Services & Social Welfare,Public Documents & Certificates,Innovation,Low,One-time,Yes,Document Verification & Automated Extraction AI
SS00964,Developing an offline smart system for document verification & automated extraction ai will eliminate manual delays.,Government Services & Social Welfare,Public Documents & Certificates,Innovation,Medium,Occasional,Yes,Document Verification & Automated Extraction AI
SS00965,Abhi तुरंत department emergency team bheje aur future ke liye document verification & automated extraction ai ka early warning technology setup karein.,Government Services & Social Welfare,Public Documents & Certificates,Hybrid,High,Recurring,Yes,Document Verification & Automated Extraction AI
SS00966,Har monsoon/season ye issue hota hai. Immediate repair along with long-term implementation of document verification & automated extraction ai.,Government Services & Social Welfare,Public Documents & Certificates,Hybrid,High,Persistent,Yes,Document Verification & Automated Extraction AI
SS00967,प्रशासन से तुरंत सहायता भेजी जाए तथा भविष्य के लिए document verification & automated extraction ai का आधुनिक डिजिटल मॉडल भी विकसित किया जाए।,Government Services & Social Welfare,Public Documents & Certificates,Hybrid,High,Recurring,Yes,Document Verification & Automated Extraction AI
SS00968,urgent govt inspection today n smart AI tech for document verification & automated extraction ai for future plzz,Government Services & Social Welfare,Public Documents & Certificates,Hybrid,High,Recurring,Yes,Document Verification & Automated Extraction AI
SS00969,"Immediate administrative intervention needed now, accompanied by a university research solution for document verification & automated extraction ai.",Government Services & Social Welfare,Public Documents & Certificates,Hybrid,Medium,Occasional,Yes,Document Verification & Automated Extraction AI
SS00970,The administrative service for pension & financial assistance is currently non-functional in our block.,Government Services & Social Welfare,Pension & Financial Assistance,Government,Medium,Persistent,No,None
SS00971,"Pichle 10 din se pension & financial assistance ka problem hai, kripya departmental staff ko inspection ke liye bheje.",Government Services & Social Welfare,Pension & Financial Assistance,Government,High,Occasional,No,None
SS00972,हमारे पंचायत में pension & financial assistance से संबंधित शिकायत पर कई हफ्तों से कोई कार्रवाई नहीं हुई है।,Government Services & Social Welfare,Pension & Financial Assistance,Government,Medium,Persistent,No,None
SS00973,"pension & financial assistance issue in ward 5, officer not taking call",Government Services & Social Welfare,Pension & Financial Assistance,Government,Low,Occasional,No,None
SS00974,pension & financial assistance is broken n not wrking properly plzz resolve,Government Services & Social Welfare,Pension & Financial Assistance,Government,Medium,Occasional,No,None
SS00975,Block level grievance filed for pension & financial assistance last month but service is still pending.,Government Services & Social Welfare,Pension & Financial Assistance,Government,Low,One-time,No,None
SS00976,Urgent maintenance team required for pension & financial assistance near community market place.,Government Services & Social Welfare,Pension & Financial Assistance,Government,High,One-time,No,None
SS00977,We need an automated digital technology system for biometric & doorstep pension delivery verification to monitor this issue continuously.,Government Services & Social Welfare,Pension & Financial Assistance,Innovation,Medium,Recurring,Yes,Biometric & Doorstep Pension Delivery Verification
SS00978,Is problem ko permanently solve karne ke liye biometric & doorstep pension delivery verification ka low-cost sensor prototype chahiye.,Government Services & Social Welfare,Pension & Financial Assistance,Innovation,Medium,Occasional,Yes,Biometric & Doorstep Pension Delivery Verification
SS00979,नवीनतम तकनीक और biometric & doorstep pension delivery verification के माध्यम से इस समस्या का स्वचालित समाधान किया जाना चाहिए।,Government Services & Social Welfare,Pension & Financial Assistance,Innovation,High,Recurring,Yes,Biometric & Doorstep Pension Delivery Verification
SS00980,need AI and IoT smart solution for biometric & doorstep pension delivery verification,Government Services & Social Welfare,Pension & Financial Assistance,Innovation,Low,One-time,Yes,Biometric & Doorstep Pension Delivery Verification
SS00981,Developing an offline smart system for biometric & doorstep pension delivery verification will eliminate manual delays.,Government Services & Social Welfare,Pension & Financial Assistance,Innovation,Medium,Occasional,Yes,Biometric & Doorstep Pension Delivery Verification
SS00982,Abhi तुरंत department emergency team bheje aur future ke liye biometric & doorstep pension delivery verification ka early warning technology setup karein.,Government Services & Social Welfare,Pension & Financial Assistance,Hybrid,High,Recurring,Yes,Biometric & Doorstep Pension Delivery Verification
SS00983,Har monsoon/season ye issue hota hai. Immediate repair along with long-term implementation of biometric & doorstep pension delivery verification.,Government Services & Social Welfare,Pension & Financial Assistance,Hybrid,High,Persistent,Yes,Biometric & Doorstep Pension Delivery Verification
SS00984,प्रशासन से तुरंत सहायता भेजी जाए तथा भविष्य के लिए biometric & doorstep pension delivery verification का आधुनिक डिजिटल मॉडल भी विकसित किया जाए।,Government Services & Social Welfare,Pension & Financial Assistance,Hybrid,High,Recurring,Yes,Biometric & Doorstep Pension Delivery Verification
SS00985,urgent govt inspection today n smart AI tech for biometric & doorstep pension delivery verification for future plzz,Government Services & Social Welfare,Pension & Financial Assistance,Hybrid,High,Recurring,Yes,Biometric & Doorstep Pension Delivery Verification
SS00986,"Immediate administrative intervention needed now, accompanied by a university research solution for biometric & doorstep pension delivery verification.",Government Services & Social Welfare,Pension & Financial Assistance,Hybrid,Medium,Occasional,Yes,Biometric & Doorstep Pension Delivery Verification
SS00987,The administrative service for government scheme access is currently non-functional in our block.,Government Services & Social Welfare,Government Scheme Access,Government,Medium,Persistent,No,None
SS00988,"Pichle 10 din se government scheme access ka problem hai, kripya departmental staff ko inspection ke liye bheje.",Government Services & Social Welfare,Government Scheme Access,Government,High,Occasional,No,None
SS00989,हमारे पंचायत में government scheme access से संबंधित शिकायत पर कई हफ्तों से कोई कार्रवाई नहीं हुई है।,Government Services & Social Welfare,Government Scheme Access,Government,Medium,Persistent,No,None
SS00990,"government scheme access issue in ward 5, officer not taking call",Government Services & Social Welfare,Government Scheme Access,Government,Low,Occasional,No,None
SS00991,government scheme access is broken n not wrking properly plzz resolve,Government Services & Social Welfare,Government Scheme Access,Government,Medium,Occasional,No,None
SS00992,Block level grievance filed for government scheme access last month but service is still pending.,Government Services & Social Welfare,Government Scheme Access,Government,Low,One-time,No,None
SS00993,Urgent maintenance team required for government scheme access near community market place.,Government Services & Social Welfare,Government Scheme Access,Government,High,One-time,No,None
SS00994,We need an automated digital technology system for multilingual voice ai citizen scheme recommender to monitor this issue continuously.,Government Services & Social Welfare,Government Scheme Access,Innovation,Medium,Recurring,Yes,Multilingual Voice AI Citizen Scheme Recommender
SS00995,Is problem ko permanently solve karne ke liye multilingual voice ai citizen scheme recommender ka low-cost sensor prototype chahiye.,Government Services & Social Welfare,Government Scheme Access,Innovation,Medium,Occasional,Yes,Multilingual Voice AI Citizen Scheme Recommender
SS00996,नवीनतम तकनीक और multilingual voice ai citizen scheme recommender के माध्यम से इस समस्या का स्वचालित समाधान किया जाना चाहिए।,Government Services & Social Welfare,Government Scheme Access,Innovation,High,Recurring,Yes,Multilingual Voice AI Citizen Scheme Recommender
SS00997,need AI and IoT smart solution for multilingual voice ai citizen scheme recommender,Government Services & Social Welfare,Government Scheme Access,Innovation,Low,One-time,Yes,Multilingual Voice AI Citizen Scheme Recommender
SS00998,Developing an offline smart system for multilingual voice ai citizen scheme recommender will eliminate manual delays.,Government Services & Social Welfare,Government Scheme Access,Innovation,Medium,Occasional,Yes,Multilingual Voice AI Citizen Scheme Recommender
SS00999,Abhi तुरंत department emergency team bheje aur future ke liye multilingual voice ai citizen scheme recommender ka early warning technology setup karein.,Government Services & Social Welfare,Government Scheme Access,Hybrid,High,Recurring,Yes,Multilingual Voice AI Citizen Scheme Recommender
SS01000,Har monsoon/season ye issue hota hai. Immediate repair along with long-term implementation of multilingual voice ai citizen scheme recommender.,Government Services & Social Welfare,Government Scheme Access,Hybrid,High,Persistent,Yes,Multilingual Voice AI Citizen Scheme Recommender
SS01001,प्रशासन से तुरंत सहायता भेजी जाए तथा भविष्य के लिए multilingual voice ai citizen scheme recommender का आधुनिक डिजिटल मॉडल भी विकसित किया जाए।,Government Services & Social Welfare,Government Scheme Access,Hybrid,High,Recurring,Yes,Multilingual Voice AI Citizen Scheme Recommender
SS01002,urgent govt inspection today n smart AI tech for multilingual voice ai citizen scheme recommender for future plzz,Government Services & Social Welfare,Government Scheme Access,Hybrid,High,Recurring,Yes,Multilingual Voice AI Citizen Scheme Recommender
SS01003,"Immediate administrative intervention needed now, accompanied by a university research solution for multilingual voice ai citizen scheme recommender.",Government Services & Social Welfare,Government Scheme Access,Hybrid,Medium,Occasional,Yes,Multilingual Voice AI Citizen Scheme Recommender
SS01004,The administrative service for public grievance & service delays is currently non-functional in our block.,Government Services & Social Welfare,Public Grievance & Service Delays,Government,Medium,Persistent,No,None
SS01005,"Pichle 10 din se public grievance & service delays ka problem hai, kripya departmental staff ko inspection ke liye bheje.",Government Services & Social Welfare,Public Grievance & Service Delays,Government,High,Occasional,No,None
SS01006,हमारे पंचायत में public grievance & service delays से संबंधित शिकायत पर कई हफ्तों से कोई कार्रवाई नहीं हुई है।,Government Services & Social Welfare,Public Grievance & Service Delays,Government,Medium,Persistent,No,None
SS01007,"public grievance & service delays issue in ward 5, officer not taking call",Government Services & Social Welfare,Public Grievance & Service Delays,Government,Low,Occasional,No,None
SS01008,public grievance & service delays is broken n not wrking properly plzz resolve,Government Services & Social Welfare,Public Grievance & Service Delays,Government,Medium,Occasional,No,None
SS01009,Block level grievance filed for public grievance & service delays last month but service is still pending.,Government Services & Social Welfare,Public Grievance & Service Delays,Government,Low,One-time,No,None
SS01010,Urgent maintenance team required for public grievance & service delays near community market place.,Government Services & Social Welfare,Public Grievance & Service Delays,Government,High,One-time,No,None
SS01011,We need an automated digital technology system for nlp citizen complaint routing & sla predictor to monitor this issue continuously.,Government Services & Social Welfare,Public Grievance & Service Delays,Innovation,Medium,Recurring,Yes,NLP Citizen Complaint Routing & SLA Predictor
SS01012,Is problem ko permanently solve karne ke liye nlp citizen complaint routing & sla predictor ka low-cost sensor prototype chahiye.,Government Services & Social Welfare,Public Grievance & Service Delays,Innovation,Medium,Occasional,Yes,NLP Citizen Complaint Routing & SLA Predictor
SS01013,नवीनतम तकनीक और nlp citizen complaint routing & sla predictor के माध्यम से इस समस्या का स्वचालित समाधान किया जाना चाहिए।,Government Services & Social Welfare,Public Grievance & Service Delays,Innovation,High,Recurring,Yes,NLP Citizen Complaint Routing & SLA Predictor
SS01014,need AI and IoT smart solution for nlp citizen complaint routing & sla predictor,Government Services & Social Welfare,Public Grievance & Service Delays,Innovation,Low,One-time,Yes,NLP Citizen Complaint Routing & SLA Predictor
SS01015,Developing an offline smart system for nlp citizen complaint routing & sla predictor will eliminate manual delays.,Government Services & Social Welfare,Public Grievance & Service Delays,Innovation,Medium,Occasional,Yes,NLP Citizen Complaint Routing & SLA Predictor
SS01016,Abhi तुरंत department emergency team bheje aur future ke liye nlp citizen complaint routing & sla predictor ka early warning technology setup karein.,Government Services & Social Welfare,Public Grievance & Service Delays,Hybrid,High,Recurring,Yes,NLP Citizen Complaint Routing & SLA Predictor
SS01017,Har monsoon/season ye issue hota hai. Immediate repair along with long-term implementation of nlp citizen complaint routing & sla predictor.,Government Services & Social Welfare,Public Grievance & Service Delays,Hybrid,High,Persistent,Yes,NLP Citizen Complaint Routing & SLA Predictor
SS01018,प्रशासन से तुरंत सहायता भेजी जाए तथा भविष्य के लिए nlp citizen complaint routing & sla predictor का आधुनिक डिजिटल मॉडल भी विकसित किया जाए।,Government Services & Social Welfare,Public Grievance & Service Delays,Hybrid,High,Recurring,Yes,NLP Citizen Complaint Routing & SLA Predictor
SS01019,urgent govt inspection today n smart AI tech for nlp citizen complaint routing & sla predictor for future plzz,Government Services & Social Welfare,Public Grievance & Service Delays,Hybrid,High,Recurring,Yes,NLP Citizen Complaint Routing & SLA Predictor
SS01020,"Immediate administrative intervention needed now, accompanied by a university research solution for nlp citizen complaint routing & sla predictor.",Government Services & Social Welfare,Public Grievance & Service Delays,Hybrid,Medium,Occasional,Yes,NLP Citizen Complaint Routing & SLA Predictor
SS01021,The administrative service for identity/record correction is currently non-functional in our block.,Government Services & Social Welfare,Identity/Record Correction,Government,Medium,Persistent,No,None
SS01022,"Pichle 10 din se identity/record correction ka problem hai, kripya departmental staff ko inspection ke liye bheje.",Government Services & Social Welfare,Identity/Record Correction,Government,High,Occasional,No,None
SS01023,हमारे पंचायत में identity/record correction से संबंधित शिकायत पर कई हफ्तों से कोई कार्रवाई नहीं हुई है।,Government Services & Social Welfare,Identity/Record Correction,Government,Medium,Persistent,No,None
SS01024,"identity/record correction issue in ward 5, officer not taking call",Government Services & Social Welfare,Identity/Record Correction,Government,Low,Occasional,No,None
SS01025,identity/record correction is broken n not wrking properly plzz resolve,Government Services & Social Welfare,Identity/Record Correction,Government,Medium,Occasional,No,None
SS01026,Block level grievance filed for identity/record correction last month but service is still pending.,Government Services & Social Welfare,Identity/Record Correction,Government,Low,One-time,No,None
SS01027,Urgent maintenance team required for identity/record correction near community market place.,Government Services & Social Welfare,Identity/Record Correction,Government,High,One-time,No,None
SS01028,We need an automated digital technology system for geospatial land record & identity mapping ai to monitor this issue continuously.,Government Services & Social Welfare,Identity/Record Correction,Innovation,Medium,Recurring,Yes,Geospatial Land Record & Identity Mapping AI
SS01029,Is problem ko permanently solve karne ke liye geospatial land record & identity mapping ai ka low-cost sensor prototype chahiye.,Government Services & Social Welfare,Identity/Record Correction,Innovation,Medium,Occasional,Yes,Geospatial Land Record & Identity Mapping AI
SS01030,नवीनतम तकनीक और geospatial land record & identity mapping ai के माध्यम से इस समस्या का स्वचालित समाधान किया जाना चाहिए।,Government Services & Social Welfare,Identity/Record Correction,Innovation,High,Recurring,Yes,Geospatial Land Record & Identity Mapping AI
SS01031,need AI and IoT smart solution for geospatial land record & identity mapping ai,Government Services & Social Welfare,Identity/Record Correction,Innovation,Low,One-time,Yes,Geospatial Land Record & Identity Mapping AI
SS01032,Developing an offline smart system for geospatial land record & identity mapping ai will eliminate manual delays.,Government Services & Social Welfare,Identity/Record Correction,Innovation,Medium,Occasional,Yes,Geospatial Land Record & Identity Mapping AI
SS01033,Abhi तुरंत department emergency team bheje aur future ke liye geospatial land record & identity mapping ai ka early warning technology setup karein.,Government Services & Social Welfare,Identity/Record Correction,Hybrid,High,Recurring,Yes,Geospatial Land Record & Identity Mapping AI
SS01034,Har monsoon/season ye issue hota hai. Immediate repair along with long-term implementation of geospatial land record & identity mapping ai.,Government Services & Social Welfare,Identity/Record Correction,Hybrid,High,Persistent,Yes,Geospatial Land Record & Identity Mapping AI
SS01035,प्रशासन से तुरंत सहायता भेजी जाए तथा भविष्य के लिए geospatial land record & identity mapping ai का आधुनिक डिजिटल मॉडल भी विकसित किया जाए।,Government Services & Social Welfare,Identity/Record Correction,Hybrid,High,Recurring,Yes,Geospatial Land Record & Identity Mapping AI
SS01036,urgent govt inspection today n smart AI tech for geospatial land record & identity mapping ai for future plzz,Government Services & Social Welfare,Identity/Record Correction,Hybrid,High,Recurring,Yes,Geospatial Land Record & Identity Mapping AI
SS01037,"Immediate administrative intervention needed now, accompanied by a university research solution for geospatial land record & identity mapping ai.",Government Services & Social Welfare,Identity/Record Correction,Hybrid,Medium,Occasional,Yes,Geospatial Land Record & Identity Mapping AI
SS01038,The administrative service for citizen information access is currently non-functional in our block.,Government Services & Social Welfare,Citizen Information Access,Government,Medium,Persistent,No,None
SS01039,"Pichle 10 din se citizen information access ka problem hai, kripya departmental staff ko inspection ke liye bheje.",Government Services & Social Welfare,Citizen Information Access,Government,High,Occasional,No,None
SS01040,हमारे पंचायत में citizen information access से संबंधित शिकायत पर कई हफ्तों से कोई कार्रवाई नहीं हुई है।,Government Services & Social Welfare,Citizen Information Access,Government,Medium,Persistent,No,None
SS01041,"citizen information access issue in ward 5, officer not taking call",Government Services & Social Welfare,Citizen Information Access,Government,Low,Occasional,No,None
SS01042,citizen information access is broken n not wrking properly plzz resolve,Government Services & Social Welfare,Citizen Information Access,Government,Medium,Occasional,No,None
SS01043,Block level grievance filed for citizen information access last month but service is still pending.,Government Services & Social Welfare,Citizen Information Access,Government,Low,One-time,No,None
SS01044,Urgent maintenance team required for citizen information access near community market place.,Government Services & Social Welfare,Citizen Information Access,Government,High,One-time,No,None
SS01045,We need an automated digital technology system for offline smart kiosk for rural citizen services to monitor this issue continuously.,Government Services & Social Welfare,Citizen Information Access,Innovation,Medium,Recurring,Yes,Offline Smart Kiosk for Rural Citizen Services
SS01046,Is problem ko permanently solve karne ke liye offline smart kiosk for rural citizen services ka low-cost sensor prototype chahiye.,Government Services & Social Welfare,Citizen Information Access,Innovation,Medium,Occasional,Yes,Offline Smart Kiosk for Rural Citizen Services
SS01047,नवीनतम तकनीक और offline smart kiosk for rural citizen services के माध्यम से इस समस्या का स्वचालित समाधान किया जाना चाहिए।,Government Services & Social Welfare,Citizen Information Access,Innovation,High,Recurring,Yes,Offline Smart Kiosk for Rural Citizen Services
SS01048,need AI and IoT smart solution for offline smart kiosk for rural citizen services,Government Services & Social Welfare,Citizen Information Access,Innovation,Low,One-time,Yes,Offline Smart Kiosk for Rural Citizen Services
SS01049,Developing an offline smart system for offline smart kiosk for rural citizen services will eliminate manual delays.,Government Services & Social Welfare,Citizen Information Access,Innovation,Medium,Occasional,Yes,Offline Smart Kiosk for Rural Citizen Services
SS01050,Abhi तुरंत department emergency team bheje aur future ke liye offline smart kiosk for rural citizen services ka early warning technology setup karein.,Government Services & Social Welfare,Citizen Information Access,Hybrid,High,Recurring,Yes,Offline Smart Kiosk for Rural Citizen Services
SS01051,Har monsoon/season ye issue hota hai. Immediate repair along with long-term implementation of offline smart kiosk for rural citizen services.,Government Services & Social Welfare,Citizen Information Access,Hybrid,High,Persistent,Yes,Offline Smart Kiosk for Rural Citizen Services
SS01052,प्रशासन से तुरंत सहायता भेजी जाए तथा भविष्य के लिए offline smart kiosk for rural citizen services का आधुनिक डिजिटल मॉडल भी विकसित किया जाए।,Government Services & Social Welfare,Citizen Information Access,Hybrid,High,Recurring,Yes,Offline Smart Kiosk for Rural Citizen Services
SS01053,urgent govt inspection today n smart AI tech for offline smart kiosk for rural citizen services for future plzz,Government Services & Social Welfare,Citizen Information Access,Hybrid,High,Recurring,Yes,Offline Smart Kiosk for Rural Citizen Services
SS01054,"Immediate administrative intervention needed now, accompanied by a university research solution for offline smart kiosk for rural citizen services.",Government Services & Social Welfare,Citizen Information Access,Hybrid,Medium,Occasional,Yes,Offline Smart Kiosk for Rural Citizen Services
SS01055,The administrative service for digital government services is currently non-functional in our block.,Government Services & Social Welfare,Digital Government Services,Government,Medium,Persistent,No,None
SS01056,"Pichle 10 din se digital government services ka problem hai, kripya departmental staff ko inspection ke liye bheje.",Government Services & Social Welfare,Digital Government Services,Government,High,Occasional,No,None
SS01057,हमारे पंचायत में digital government services से संबंधित शिकायत पर कई हफ्तों से कोई कार्रवाई नहीं हुई है।,Government Services & Social Welfare,Digital Government Services,Government,Medium,Persistent,No,None
SS01058,"digital government services issue in ward 5, officer not taking call",Government Services & Social Welfare,Digital Government Services,Government,Low,Occasional,No,None
SS01059,digital government services is broken n not wrking properly plzz resolve,Government Services & Social Welfare,Digital Government Services,Government,Medium,Occasional,No,None
SS01060,Block level grievance filed for digital government services last month but service is still pending.,Government Services & Social Welfare,Digital Government Services,Government,Low,One-time,No,None
SS01061,Urgent maintenance team required for digital government services near community market place.,Government Services & Social Welfare,Digital Government Services,Government,High,One-time,No,None
SS01062,We need an automated digital technology system for zero-knowledge secure citizen identity locker to monitor this issue continuously.,Government Services & Social Welfare,Digital Government Services,Innovation,Medium,Recurring,Yes,Zero-Knowledge Secure Citizen Identity Locker
SS01063,Is problem ko permanently solve karne ke liye zero-knowledge secure citizen identity locker ka low-cost sensor prototype chahiye.,Government Services & Social Welfare,Digital Government Services,Innovation,Medium,Occasional,Yes,Zero-Knowledge Secure Citizen Identity Locker
SS01064,नवीनतम तकनीक और zero-knowledge secure citizen identity locker के माध्यम से इस समस्या का स्वचालित समाधान किया जाना चाहिए।,Government Services & Social Welfare,Digital Government Services,Innovation,High,Recurring,Yes,Zero-Knowledge Secure Citizen Identity Locker
SS01065,need AI and IoT smart solution for zero-knowledge secure citizen identity locker,Government Services & Social Welfare,Digital Government Services,Innovation,Low,One-time,Yes,Zero-Knowledge Secure Citizen Identity Locker
SS01066,Developing an offline smart system for zero-knowledge secure citizen identity locker will eliminate manual delays.,Government Services & Social Welfare,Digital Government Services,Innovation,Medium,Occasional,Yes,Zero-Knowledge Secure Citizen Identity Locker
SS01067,Abhi तुरंत department emergency team bheje aur future ke liye zero-knowledge secure citizen identity locker ka early warning technology setup karein.,Government Services & Social Welfare,Digital Government Services,Hybrid,High,Recurring,Yes,Zero-Knowledge Secure Citizen Identity Locker
SS01068,Har monsoon/season ye issue hota hai. Immediate repair along with long-term implementation of zero-knowledge secure citizen identity locker.,Government Services & Social Welfare,Digital Government Services,Hybrid,High,Persistent,Yes,Zero-Knowledge Secure Citizen Identity Locker
SS01069,प्रशासन से तुरंत सहायता भेजी जाए तथा भविष्य के लिए zero-knowledge secure citizen identity locker का आधुनिक डिजिटल मॉडल भी विकसित किया जाए।,Government Services & Social Welfare,Digital Government Services,Hybrid,High,Recurring,Yes,Zero-Knowledge Secure Citizen Identity Locker
SS01070,urgent govt inspection today n smart AI tech for zero-knowledge secure citizen identity locker for future plzz,Government Services & Social Welfare,Digital Government Services,Hybrid,High,Recurring,Yes,Zero-Knowledge Secure Citizen Identity Locker
SS01071,"Immediate administrative intervention needed now, accompanied by a university research solution for zero-knowledge secure citizen identity locker.",Government Services & Social Welfare,Digital Government Services,Hybrid,Medium,Occasional,Yes,Zero-Knowledge Secure Citizen Identity Locker
SS01072,The administrative service for employment & job access is currently non-functional in our block.,"Livelihood, Local Economy & Miscellaneous Civic Issues",Employment & Job Access,Government,Medium,Persistent,No,None
SS01073,"Pichle 10 din se employment & job access ka problem hai, kripya departmental staff ko inspection ke liye bheje.","Livelihood, Local Economy & Miscellaneous Civic Issues",Employment & Job Access,Government,High,Occasional,No,None
SS01074,हमारे पंचायत में employment & job access से संबंधित शिकायत पर कई हफ्तों से कोई कार्रवाई नहीं हुई है।,"Livelihood, Local Economy & Miscellaneous Civic Issues",Employment & Job Access,Government,Medium,Persistent,No,None
SS01075,"employment & job access issue in ward 5, officer not taking call","Livelihood, Local Economy & Miscellaneous Civic Issues",Employment & Job Access,Government,Low,Occasional,No,None
SS01076,employment & job access is broken n not wrking properly plzz resolve,"Livelihood, Local Economy & Miscellaneous Civic Issues",Employment & Job Access,Government,Medium,Occasional,No,None
SS01077,Block level grievance filed for employment & job access last month but service is still pending.,"Livelihood, Local Economy & Miscellaneous Civic Issues",Employment & Job Access,Government,Low,One-time,No,None
SS01078,Urgent maintenance team required for employment & job access near community market place.,"Livelihood, Local Economy & Miscellaneous Civic Issues",Employment & Job Access,Government,High,One-time,No,None
SS01079,We need an automated digital technology system for geospatial rural skill & job matching platform to monitor this issue continuously.,"Livelihood, Local Economy & Miscellaneous Civic Issues",Employment & Job Access,Innovation,Medium,Recurring,Yes,Geospatial Rural Skill & Job Matching Platform
SS01080,Is problem ko permanently solve karne ke liye geospatial rural skill & job matching platform ka low-cost sensor prototype chahiye.,"Livelihood, Local Economy & Miscellaneous Civic Issues",Employment & Job Access,Innovation,Medium,Occasional,Yes,Geospatial Rural Skill & Job Matching Platform
SS01081,नवीनतम तकनीक और geospatial rural skill & job matching platform के माध्यम से इस समस्या का स्वचालित समाधान किया जाना चाहिए।,"Livelihood, Local Economy & Miscellaneous Civic Issues",Employment & Job Access,Innovation,High,Recurring,Yes,Geospatial Rural Skill & Job Matching Platform
SS01082,need AI and IoT smart solution for geospatial rural skill & job matching platform,"Livelihood, Local Economy & Miscellaneous Civic Issues",Employment & Job Access,Innovation,Low,One-time,Yes,Geospatial Rural Skill & Job Matching Platform
SS01083,Developing an offline smart system for geospatial rural skill & job matching platform will eliminate manual delays.,"Livelihood, Local Economy & Miscellaneous Civic Issues",Employment & Job Access,Innovation,Medium,Occasional,Yes,Geospatial Rural Skill & Job Matching Platform
SS01084,Abhi तुरंत department emergency team bheje aur future ke liye geospatial rural skill & job matching platform ka early warning technology setup karein.,"Livelihood, Local Economy & Miscellaneous Civic Issues",Employment & Job Access,Hybrid,High,Recurring,Yes,Geospatial Rural Skill & Job Matching Platform
SS01085,Har monsoon/season ye issue hota hai. Immediate repair along with long-term implementation of geospatial rural skill & job matching platform.,"Livelihood, Local Economy & Miscellaneous Civic Issues",Employment & Job Access,Hybrid,High,Persistent,Yes,Geospatial Rural Skill & Job Matching Platform
SS01086,प्रशासन से तुरंत सहायता भेजी जाए तथा भविष्य के लिए geospatial rural skill & job matching platform का आधुनिक डिजिटल मॉडल भी विकसित किया जाए।,"Livelihood, Local Economy & Miscellaneous Civic Issues",Employment & Job Access,Hybrid,High,Recurring,Yes,Geospatial Rural Skill & Job Matching Platform
SS01087,urgent govt inspection today n smart AI tech for geospatial rural skill & job matching platform for future plzz,"Livelihood, Local Economy & Miscellaneous Civic Issues",Employment & Job Access,Hybrid,High,Recurring,Yes,Geospatial Rural Skill & Job Matching Platform
SS01088,"Immediate administrative intervention needed now, accompanied by a university research solution for geospatial rural skill & job matching platform.","Livelihood, Local Economy & Miscellaneous Civic Issues",Employment & Job Access,Hybrid,Medium,Occasional,Yes,Geospatial Rural Skill & Job Matching Platform
SS01089,The administrative service for small business & local market is currently non-functional in our block.,"Livelihood, Local Economy & Miscellaneous Civic Issues",Small Business & Local Market,Government,Medium,Persistent,No,None
SS01090,"Pichle 10 din se small business & local market ka problem hai, kripya departmental staff ko inspection ke liye bheje.","Livelihood, Local Economy & Miscellaneous Civic Issues",Small Business & Local Market,Government,High,Occasional,No,None
SS01091,हमारे पंचायत में small business & local market से संबंधित शिकायत पर कई हफ्तों से कोई कार्रवाई नहीं हुई है।,"Livelihood, Local Economy & Miscellaneous Civic Issues",Small Business & Local Market,Government,Medium,Persistent,No,None
SS01092,"small business & local market issue in ward 5, officer not taking call","Livelihood, Local Economy & Miscellaneous Civic Issues",Small Business & Local Market,Government,Low,Occasional,No,None
SS01093,small business & local market is broken n not wrking properly plzz resolve,"Livelihood, Local Economy & Miscellaneous Civic Issues",Small Business & Local Market,Government,Medium,Occasional,No,None
SS01094,Block level grievance filed for small business & local market last month but service is still pending.,"Livelihood, Local Economy & Miscellaneous Civic Issues",Small Business & Local Market,Government,Low,One-time,No,None
SS01095,Urgent maintenance team required for small business & local market near community market place.,"Livelihood, Local Economy & Miscellaneous Civic Issues",Small Business & Local Market,Government,High,One-time,No,None
SS01096,We need an automated digital technology system for digital micro-marketplace & artisanal traceability to monitor this issue continuously.,"Livelihood, Local Economy & Miscellaneous Civic Issues",Small Business & Local Market,Innovation,Medium,Recurring,Yes,Digital Micro-Marketplace & Artisanal Traceability
SS01097,Is problem ko permanently solve karne ke liye digital micro-marketplace & artisanal traceability ka low-cost sensor prototype chahiye.,"Livelihood, Local Economy & Miscellaneous Civic Issues",Small Business & Local Market,Innovation,Medium,Occasional,Yes,Digital Micro-Marketplace & Artisanal Traceability
SS01098,नवीनतम तकनीक और digital micro-marketplace & artisanal traceability के माध्यम से इस समस्या का स्वचालित समाधान किया जाना चाहिए।,"Livelihood, Local Economy & Miscellaneous Civic Issues",Small Business & Local Market,Innovation,High,Recurring,Yes,Digital Micro-Marketplace & Artisanal Traceability
SS01099,need AI and IoT smart solution for digital micro-marketplace & artisanal traceability,"Livelihood, Local Economy & Miscellaneous Civic Issues",Small Business & Local Market,Innovation,Low,One-time,Yes,Digital Micro-Marketplace & Artisanal Traceability
SS01100,Developing an offline smart system for digital micro-marketplace & artisanal traceability will eliminate manual delays.,"Livelihood, Local Economy & Miscellaneous Civic Issues",Small Business & Local Market,Innovation,Medium,Occasional,Yes,Digital Micro-Marketplace & Artisanal Traceability
SS01101,Abhi तुरंत department emergency team bheje aur future ke liye digital micro-marketplace & artisanal traceability ka early warning technology setup karein.,"Livelihood, Local Economy & Miscellaneous Civic Issues",Small Business & Local Market,Hybrid,High,Recurring,Yes,Digital Micro-Marketplace & Artisanal Traceability
SS01102,Har monsoon/season ye issue hota hai. Immediate repair along with long-term implementation of digital micro-marketplace & artisanal traceability.,"Livelihood, Local Economy & Miscellaneous Civic Issues",Small Business & Local Market,Hybrid,High,Persistent,Yes,Digital Micro-Marketplace & Artisanal Traceability
SS01103,प्रशासन से तुरंत सहायता भेजी जाए तथा भविष्य के लिए digital micro-marketplace & artisanal traceability का आधुनिक डिजिटल मॉडल भी विकसित किया जाए।,"Livelihood, Local Economy & Miscellaneous Civic Issues",Small Business & Local Market,Hybrid,High,Recurring,Yes,Digital Micro-Marketplace & Artisanal Traceability
SS01104,urgent govt inspection today n smart AI tech for digital micro-marketplace & artisanal traceability for future plzz,"Livelihood, Local Economy & Miscellaneous Civic Issues",Small Business & Local Market,Hybrid,High,Recurring,Yes,Digital Micro-Marketplace & Artisanal Traceability
SS01105,"Immediate administrative intervention needed now, accompanied by a university research solution for digital micro-marketplace & artisanal traceability.","Livelihood, Local Economy & Miscellaneous Civic Issues",Small Business & Local Market,Hybrid,Medium,Occasional,Yes,Digital Micro-Marketplace & Artisanal Traceability
SS01106,The administrative service for skill & vocational opportunities is currently non-functional in our block.,"Livelihood, Local Economy & Miscellaneous Civic Issues",Skill & Vocational Opportunities,Government,Medium,Persistent,No,None
SS01107,"Pichle 10 din se skill & vocational opportunities ka problem hai, kripya departmental staff ko inspection ke liye bheje.","Livelihood, Local Economy & Miscellaneous Civic Issues",Skill & Vocational Opportunities,Government,High,Occasional,No,None
SS01108,हमारे पंचायत में skill & vocational opportunities से संबंधित शिकायत पर कई हफ्तों से कोई कार्रवाई नहीं हुई है।,"Livelihood, Local Economy & Miscellaneous Civic Issues",Skill & Vocational Opportunities,Government,Medium,Persistent,No,None
SS01109,"skill & vocational opportunities issue in ward 5, officer not taking call","Livelihood, Local Economy & Miscellaneous Civic Issues",Skill & Vocational Opportunities,Government,Low,Occasional,No,None
SS01110,skill & vocational opportunities is broken n not wrking properly plzz resolve,"Livelihood, Local Economy & Miscellaneous Civic Issues",Skill & Vocational Opportunities,Government,Medium,Occasional,No,None
SS01111,Block level grievance filed for skill & vocational opportunities last month but service is still pending.,"Livelihood, Local Economy & Miscellaneous Civic Issues",Skill & Vocational Opportunities,Government,Low,One-time,No,None
SS01112,Urgent maintenance team required for skill & vocational opportunities near community market place.,"Livelihood, Local Economy & Miscellaneous Civic Issues",Skill & Vocational Opportunities,Government,High,One-time,No,None
SS01113,We need an automated digital technology system for ai adaptive vocational learning assistant to monitor this issue continuously.,"Livelihood, Local Economy & Miscellaneous Civic Issues",Skill & Vocational Opportunities,Innovation,Medium,Recurring,Yes,AI Adaptive Vocational Learning Assistant
SS01114,Is problem ko permanently solve karne ke liye ai adaptive vocational learning assistant ka low-cost sensor prototype chahiye.,"Livelihood, Local Economy & Miscellaneous Civic Issues",Skill & Vocational Opportunities,Innovation,Medium,Occasional,Yes,AI Adaptive Vocational Learning Assistant
SS01115,नवीनतम तकनीक और ai adaptive vocational learning assistant के माध्यम से इस समस्या का स्वचालित समाधान किया जाना चाहिए।,"Livelihood, Local Economy & Miscellaneous Civic Issues",Skill & Vocational Opportunities,Innovation,High,Recurring,Yes,AI Adaptive Vocational Learning Assistant
SS01116,need AI and IoT smart solution for ai adaptive vocational learning assistant,"Livelihood, Local Economy & Miscellaneous Civic Issues",Skill & Vocational Opportunities,Innovation,Low,One-time,Yes,AI Adaptive Vocational Learning Assistant
SS01117,Developing an offline smart system for ai adaptive vocational learning assistant will eliminate manual delays.,"Livelihood, Local Economy & Miscellaneous Civic Issues",Skill & Vocational Opportunities,Innovation,Medium,Occasional,Yes,AI Adaptive Vocational Learning Assistant
SS01118,Abhi तुरंत department emergency team bheje aur future ke liye ai adaptive vocational learning assistant ka early warning technology setup karein.,"Livelihood, Local Economy & Miscellaneous Civic Issues",Skill & Vocational Opportunities,Hybrid,High,Recurring,Yes,AI Adaptive Vocational Learning Assistant
SS01119,Har monsoon/season ye issue hota hai. Immediate repair along with long-term implementation of ai adaptive vocational learning assistant.,"Livelihood, Local Economy & Miscellaneous Civic Issues",Skill & Vocational Opportunities,Hybrid,High,Persistent,Yes,AI Adaptive Vocational Learning Assistant
SS01120,प्रशासन से तुरंत सहायता भेजी जाए तथा भविष्य के लिए ai adaptive vocational learning assistant का आधुनिक डिजिटल मॉडल भी विकसित किया जाए।,"Livelihood, Local Economy & Miscellaneous Civic Issues",Skill & Vocational Opportunities,Hybrid,High,Recurring,Yes,AI Adaptive Vocational Learning Assistant
SS01121,urgent govt inspection today n smart AI tech for ai adaptive vocational learning assistant for future plzz,"Livelihood, Local Economy & Miscellaneous Civic Issues",Skill & Vocational Opportunities,Hybrid,High,Recurring,Yes,AI Adaptive Vocational Learning Assistant
SS01122,"Immediate administrative intervention needed now, accompanied by a university research solution for ai adaptive vocational learning assistant.","Livelihood, Local Economy & Miscellaneous Civic Issues",Skill & Vocational Opportunities,Hybrid,Medium,Occasional,Yes,AI Adaptive Vocational Learning Assistant
SS01123,The administrative service for street vendor & informal economy is currently non-functional in our block.,"Livelihood, Local Economy & Miscellaneous Civic Issues",Street Vendor & Informal Economy,Government,Medium,Persistent,No,None
SS01124,"Pichle 10 din se street vendor & informal economy ka problem hai, kripya departmental staff ko inspection ke liye bheje.","Livelihood, Local Economy & Miscellaneous Civic Issues",Street Vendor & Informal Economy,Government,High,Occasional,No,None
SS01125,हमारे पंचायत में street vendor & informal economy से संबंधित शिकायत पर कई हफ्तों से कोई कार्रवाई नहीं हुई है।,"Livelihood, Local Economy & Miscellaneous Civic Issues",Street Vendor & Informal Economy,Government,Medium,Persistent,No,None
SS01126,"street vendor & informal economy issue in ward 5, officer not taking call","Livelihood, Local Economy & Miscellaneous Civic Issues",Street Vendor & Informal Economy,Government,Low,Occasional,No,None
SS01127,street vendor & informal economy is broken n not wrking properly plzz resolve,"Livelihood, Local Economy & Miscellaneous Civic Issues",Street Vendor & Informal Economy,Government,Medium,Occasional,No,None
SS01128,Block level grievance filed for street vendor & informal economy last month but service is still pending.,"Livelihood, Local Economy & Miscellaneous Civic Issues",Street Vendor & Informal Economy,Government,Low,One-time,No,None
SS01129,Urgent maintenance team required for street vendor & informal economy near community market place.,"Livelihood, Local Economy & Miscellaneous Civic Issues",Street Vendor & Informal Economy,Government,High,One-time,No,None
SS01130,We need an automated digital technology system for smart vending zone micro-grid & digital payments to monitor this issue continuously.,"Livelihood, Local Economy & Miscellaneous Civic Issues",Street Vendor & Informal Economy,Innovation,Medium,Recurring,Yes,Smart Vending Zone Micro-Grid & Digital Payments
SS01131,Is problem ko permanently solve karne ke liye smart vending zone micro-grid & digital payments ka low-cost sensor prototype chahiye.,"Livelihood, Local Economy & Miscellaneous Civic Issues",Street Vendor & Informal Economy,Innovation,Medium,Occasional,Yes,Smart Vending Zone Micro-Grid & Digital Payments
SS01132,नवीनतम तकनीक और smart vending zone micro-grid & digital payments के माध्यम से इस समस्या का स्वचालित समाधान किया जाना चाहिए।,"Livelihood, Local Economy & Miscellaneous Civic Issues",Street Vendor & Informal Economy,Innovation,High,Recurring,Yes,Smart Vending Zone Micro-Grid & Digital Payments
SS01133,need AI and IoT smart solution for smart vending zone micro-grid & digital payments,"Livelihood, Local Economy & Miscellaneous Civic Issues",Street Vendor & Informal Economy,Innovation,Low,One-time,Yes,Smart Vending Zone Micro-Grid & Digital Payments
SS01134,Developing an offline smart system for smart vending zone micro-grid & digital payments will eliminate manual delays.,"Livelihood, Local Economy & Miscellaneous Civic Issues",Street Vendor & Informal Economy,Innovation,Medium,Occasional,Yes,Smart Vending Zone Micro-Grid & Digital Payments
SS01135,Abhi तुरंत department emergency team bheje aur future ke liye smart vending zone micro-grid & digital payments ka early warning technology setup karein.,"Livelihood, Local Economy & Miscellaneous Civic Issues",Street Vendor & Informal Economy,Hybrid,High,Recurring,Yes,Smart Vending Zone Micro-Grid & Digital Payments
SS01136,Har monsoon/season ye issue hota hai. Immediate repair along with long-term implementation of smart vending zone micro-grid & digital payments.,"Livelihood, Local Economy & Miscellaneous Civic Issues",Street Vendor & Informal Economy,Hybrid,High,Persistent,Yes,Smart Vending Zone Micro-Grid & Digital Payments
SS01137,प्रशासन से तुरंत सहायता भेजी जाए तथा भविष्य के लिए smart vending zone micro-grid & digital payments का आधुनिक डिजिटल मॉडल भी विकसित किया जाए।,"Livelihood, Local Economy & Miscellaneous Civic Issues",Street Vendor & Informal Economy,Hybrid,High,Recurring,Yes,Smart Vending Zone Micro-Grid & Digital Payments
SS01138,urgent govt inspection today n smart AI tech for smart vending zone micro-grid & digital payments for future plzz,"Livelihood, Local Economy & Miscellaneous Civic Issues",Street Vendor & Informal Economy,Hybrid,High,Recurring,Yes,Smart Vending Zone Micro-Grid & Digital Payments
SS01139,"Immediate administrative intervention needed now, accompanied by a university research solution for smart vending zone micro-grid & digital payments.","Livelihood, Local Economy & Miscellaneous Civic Issues",Street Vendor & Informal Economy,Hybrid,Medium,Occasional,Yes,Smart Vending Zone Micro-Grid & Digital Payments
SS01140,The administrative service for tourism & local economy is currently non-functional in our block.,"Livelihood, Local Economy & Miscellaneous Civic Issues",Tourism & Local Economy,Government,Medium,Persistent,No,None
SS01141,"Pichle 10 din se tourism & local economy ka problem hai, kripya departmental staff ko inspection ke liye bheje.","Livelihood, Local Economy & Miscellaneous Civic Issues",Tourism & Local Economy,Government,High,Occasional,No,None
SS01142,हमारे पंचायत में tourism & local economy से संबंधित शिकायत पर कई हफ्तों से कोई कार्रवाई नहीं हुई है।,"Livelihood, Local Economy & Miscellaneous Civic Issues",Tourism & Local Economy,Government,Medium,Persistent,No,None
SS01143,"tourism & local economy issue in ward 5, officer not taking call","Livelihood, Local Economy & Miscellaneous Civic Issues",Tourism & Local Economy,Government,Low,Occasional,No,None
SS01144,tourism & local economy is broken n not wrking properly plzz resolve,"Livelihood, Local Economy & Miscellaneous Civic Issues",Tourism & Local Economy,Government,Medium,Occasional,No,None
SS01145,Block level grievance filed for tourism & local economy last month but service is still pending.,"Livelihood, Local Economy & Miscellaneous Civic Issues",Tourism & Local Economy,Government,Low,One-time,No,None
SS01146,Urgent maintenance team required for tourism & local economy near community market place.,"Livelihood, Local Economy & Miscellaneous Civic Issues",Tourism & Local Economy,Government,High,One-time,No,None
SS01147,We need an automated digital technology system for augmented reality eco-tourism & cultural guide to monitor this issue continuously.,"Livelihood, Local Economy & Miscellaneous Civic Issues",Tourism & Local Economy,Innovation,Medium,Recurring,Yes,Augmented Reality Eco-Tourism & Cultural Guide
SS01148,Is problem ko permanently solve karne ke liye augmented reality eco-tourism & cultural guide ka low-cost sensor prototype chahiye.,"Livelihood, Local Economy & Miscellaneous Civic Issues",Tourism & Local Economy,Innovation,Medium,Occasional,Yes,Augmented Reality Eco-Tourism & Cultural Guide
SS01149,नवीनतम तकनीक और augmented reality eco-tourism & cultural guide के माध्यम से इस समस्या का स्वचालित समाधान किया जाना चाहिए।,"Livelihood, Local Economy & Miscellaneous Civic Issues",Tourism & Local Economy,Innovation,High,Recurring,Yes,Augmented Reality Eco-Tourism & Cultural Guide
SS01150,need AI and IoT smart solution for augmented reality eco-tourism & cultural guide,"Livelihood, Local Economy & Miscellaneous Civic Issues",Tourism & Local Economy,Innovation,Low,One-time,Yes,Augmented Reality Eco-Tourism & Cultural Guide
SS01151,Developing an offline smart system for augmented reality eco-tourism & cultural guide will eliminate manual delays.,"Livelihood, Local Economy & Miscellaneous Civic Issues",Tourism & Local Economy,Innovation,Medium,Occasional,Yes,Augmented Reality Eco-Tourism & Cultural Guide
SS01152,Abhi तुरंत department emergency team bheje aur future ke liye augmented reality eco-tourism & cultural guide ka early warning technology setup karein.,"Livelihood, Local Economy & Miscellaneous Civic Issues",Tourism & Local Economy,Hybrid,High,Recurring,Yes,Augmented Reality Eco-Tourism & Cultural Guide
SS01153,Har monsoon/season ye issue hota hai. Immediate repair along with long-term implementation of augmented reality eco-tourism & cultural guide.,"Livelihood, Local Economy & Miscellaneous Civic Issues",Tourism & Local Economy,Hybrid,High,Persistent,Yes,Augmented Reality Eco-Tourism & Cultural Guide
SS01154,प्रशासन से तुरंत सहायता भेजी जाए तथा भविष्य के लिए augmented reality eco-tourism & cultural guide का आधुनिक डिजिटल मॉडल भी विकसित किया जाए।,"Livelihood, Local Economy & Miscellaneous Civic Issues",Tourism & Local Economy,Hybrid,High,Recurring,Yes,Augmented Reality Eco-Tourism & Cultural Guide
SS01155,urgent govt inspection today n smart AI tech for augmented reality eco-tourism & cultural guide for future plzz,"Livelihood, Local Economy & Miscellaneous Civic Issues",Tourism & Local Economy,Hybrid,High,Recurring,Yes,Augmented Reality Eco-Tourism & Cultural Guide
SS01156,"Immediate administrative intervention needed now, accompanied by a university research solution for augmented reality eco-tourism & cultural guide.","Livelihood, Local Economy & Miscellaneous Civic Issues",Tourism & Local Economy,Hybrid,Medium,Occasional,Yes,Augmented Reality Eco-Tourism & Cultural Guide
SS01157,The administrative service for community infrastructure is currently non-functional in our block.,"Livelihood, Local Economy & Miscellaneous Civic Issues",Community Infrastructure,Government,Medium,Persistent,No,None
SS01158,"Pichle 10 din se community infrastructure ka problem hai, kripya departmental staff ko inspection ke liye bheje.","Livelihood, Local Economy & Miscellaneous Civic Issues",Community Infrastructure,Government,High,Occasional,No,None
SS01159,हमारे पंचायत में community infrastructure से संबंधित शिकायत पर कई हफ्तों से कोई कार्रवाई नहीं हुई है।,"Livelihood, Local Economy & Miscellaneous Civic Issues",Community Infrastructure,Government,Medium,Persistent,No,None
SS01160,"community infrastructure issue in ward 5, officer not taking call","Livelihood, Local Economy & Miscellaneous Civic Issues",Community Infrastructure,Government,Low,Occasional,No,None
SS01161,community infrastructure is broken n not wrking properly plzz resolve,"Livelihood, Local Economy & Miscellaneous Civic Issues",Community Infrastructure,Government,Medium,Occasional,No,None
SS01162,Block level grievance filed for community infrastructure last month but service is still pending.,"Livelihood, Local Economy & Miscellaneous Civic Issues",Community Infrastructure,Government,Low,One-time,No,None
SS01163,Urgent maintenance team required for community infrastructure near community market place.,"Livelihood, Local Economy & Miscellaneous Civic Issues",Community Infrastructure,Government,High,One-time,No,None
SS01164,We need an automated digital technology system for iot micro-grid solar community center controller to monitor this issue continuously.,"Livelihood, Local Economy & Miscellaneous Civic Issues",Community Infrastructure,Innovation,Medium,Recurring,Yes,IoT Micro-Grid Solar Community Center Controller
SS01165,Is problem ko permanently solve karne ke liye iot micro-grid solar community center controller ka low-cost sensor prototype chahiye.,"Livelihood, Local Economy & Miscellaneous Civic Issues",Community Infrastructure,Innovation,Medium,Occasional,Yes,IoT Micro-Grid Solar Community Center Controller
SS01166,नवीनतम तकनीक और iot micro-grid solar community center controller के माध्यम से इस समस्या का स्वचालित समाधान किया जाना चाहिए।,"Livelihood, Local Economy & Miscellaneous Civic Issues",Community Infrastructure,Innovation,High,Recurring,Yes,IoT Micro-Grid Solar Community Center Controller
SS01167,need AI and IoT smart solution for iot micro-grid solar community center controller,"Livelihood, Local Economy & Miscellaneous Civic Issues",Community Infrastructure,Innovation,Low,One-time,Yes,IoT Micro-Grid Solar Community Center Controller
SS01168,Developing an offline smart system for iot micro-grid solar community center controller will eliminate manual delays.,"Livelihood, Local Economy & Miscellaneous Civic Issues",Community Infrastructure,Innovation,Medium,Occasional,Yes,IoT Micro-Grid Solar Community Center Controller
SS01169,Abhi तुरंत department emergency team bheje aur future ke liye iot micro-grid solar community center controller ka early warning technology setup karein.,"Livelihood, Local Economy & Miscellaneous Civic Issues",Community Infrastructure,Hybrid,High,Recurring,Yes,IoT Micro-Grid Solar Community Center Controller
SS01170,Har monsoon/season ye issue hota hai. Immediate repair along with long-term implementation of iot micro-grid solar community center controller.,"Livelihood, Local Economy & Miscellaneous Civic Issues",Community Infrastructure,Hybrid,High,Persistent,Yes,IoT Micro-Grid Solar Community Center Controller
SS01171,प्रशासन से तुरंत सहायता भेजी जाए तथा भविष्य के लिए iot micro-grid solar community center controller का आधुनिक डिजिटल मॉडल भी विकसित किया जाए।,"Livelihood, Local Economy & Miscellaneous Civic Issues",Community Infrastructure,Hybrid,High,Recurring,Yes,IoT Micro-Grid Solar Community Center Controller
SS01172,urgent govt inspection today n smart AI tech for iot micro-grid solar community center controller for future plzz,"Livelihood, Local Economy & Miscellaneous Civic Issues",Community Infrastructure,Hybrid,High,Recurring,Yes,IoT Micro-Grid Solar Community Center Controller
SS01173,"Immediate administrative intervention needed now, accompanied by a university research solution for iot micro-grid solar community center controller.","Livelihood, Local Economy & Miscellaneous Civic Issues",Community Infrastructure,Hybrid,Medium,Occasional,Yes,IoT Micro-Grid Solar Community Center Controller
SS01174,The administrative service for miscellaneous civic issues is currently non-functional in our block.,"Livelihood, Local Economy & Miscellaneous Civic Issues",Miscellaneous Civic Issues,Government,Medium,Persistent,No,None
SS01175,"Pichle 10 din se miscellaneous civic issues ka problem hai, kripya departmental staff ko inspection ke liye bheje.","Livelihood, Local Economy & Miscellaneous Civic Issues",Miscellaneous Civic Issues,Government,High,Occasional,No,None
SS01176,हमारे पंचायत में miscellaneous civic issues से संबंधित शिकायत पर कई हफ्तों से कोई कार्रवाई नहीं हुई है।,"Livelihood, Local Economy & Miscellaneous Civic Issues",Miscellaneous Civic Issues,Government,Medium,Persistent,No,None
SS01177,"miscellaneous civic issues issue in ward 5, officer not taking call","Livelihood, Local Economy & Miscellaneous Civic Issues",Miscellaneous Civic Issues,Government,Low,Occasional,No,None
SS01178,miscellaneous civic issues is broken n not wrking properly plzz resolve,"Livelihood, Local Economy & Miscellaneous Civic Issues",Miscellaneous Civic Issues,Government,Medium,Occasional,No,None
SS01179,Block level grievance filed for miscellaneous civic issues last month but service is still pending.,"Livelihood, Local Economy & Miscellaneous Civic Issues",Miscellaneous Civic Issues,Government,Low,One-time,No,None
SS01180,Urgent maintenance team required for miscellaneous civic issues near community market place.,"Livelihood, Local Economy & Miscellaneous Civic Issues",Miscellaneous Civic Issues,Government,High,One-time,No,None
SS01181,We need an automated digital technology system for community crowd-sourced civic problem mapping to monitor this issue continuously.,"Livelihood, Local Economy & Miscellaneous Civic Issues",Miscellaneous Civic Issues,Innovation,Medium,Recurring,Yes,Community Crowd-Sourced Civic Problem Mapping
SS01182,Is problem ko permanently solve karne ke liye community crowd-sourced civic problem mapping ka low-cost sensor prototype chahiye.,"Livelihood, Local Economy & Miscellaneous Civic Issues",Miscellaneous Civic Issues,Innovation,Medium,Occasional,Yes,Community Crowd-Sourced Civic Problem Mapping
SS01183,नवीनतम तकनीक और community crowd-sourced civic problem mapping के माध्यम से इस समस्या का स्वचालित समाधान किया जाना चाहिए।,"Livelihood, Local Economy & Miscellaneous Civic Issues",Miscellaneous Civic Issues,Innovation,High,Recurring,Yes,Community Crowd-Sourced Civic Problem Mapping
SS01184,need AI and IoT smart solution for community crowd-sourced civic problem mapping,"Livelihood, Local Economy & Miscellaneous Civic Issues",Miscellaneous Civic Issues,Innovation,Low,One-time,Yes,Community Crowd-Sourced Civic Problem Mapping
SS01185,Developing an offline smart system for community crowd-sourced civic problem mapping will eliminate manual delays.,"Livelihood, Local Economy & Miscellaneous Civic Issues",Miscellaneous Civic Issues,Innovation,Medium,Occasional,Yes,Community Crowd-Sourced Civic Problem Mapping
SS01186,Abhi तुरंत department emergency team bheje aur future ke liye community crowd-sourced civic problem mapping ka early warning technology setup karein.,"Livelihood, Local Economy & Miscellaneous Civic Issues",Miscellaneous Civic Issues,Hybrid,High,Recurring,Yes,Community Crowd-Sourced Civic Problem Mapping
SS01187,Har monsoon/season ye issue hota hai. Immediate repair along with long-term implementation of community crowd-sourced civic problem mapping.,"Livelihood, Local Economy & Miscellaneous Civic Issues",Miscellaneous Civic Issues,Hybrid,High,Persistent,Yes,Community Crowd-Sourced Civic Problem Mapping
SS01188,प्रशासन से तुरंत सहायता भेजी जाए तथा भविष्य के लिए community crowd-sourced civic problem mapping का आधुनिक डिजिटल मॉडल भी विकसित किया जाए।,"Livelihood, Local Economy & Miscellaneous Civic Issues",Miscellaneous Civic Issues,Hybrid,High,Recurring,Yes,Community Crowd-Sourced Civic Problem Mapping
SS01189,urgent govt inspection today n smart AI tech for community crowd-sourced civic problem mapping for future plzz,"Livelihood, Local Economy & Miscellaneous Civic Issues",Miscellaneous Civic Issues,Hybrid,High,Recurring,Yes,Community Crowd-Sourced Civic Problem Mapping
SS01190,"Immediate administrative intervention needed now, accompanied by a university research solution for community crowd-sourced civic problem mapping.","Livelihood, Local Economy & Miscellaneous Civic Issues",Miscellaneous Civic Issues,Hybrid,Medium,Occasional,Yes,Community Crowd-Sourced Civic Problem Mapping
